freq_hz,source_a,source_b,mixture
0,0.00000,0.00000,0.01265
2,0.00000,0.00000,0.00960
4,0.00000,0.00000,0.00543
6,0.00000,0.00000,0.00134
8,0.00000,0.00000,0.00413
10,0.00000,0.00000,0.00720
12,0.00000,0.00000,0.00671
14,0.00000,0.00000,0.00617
16,0.00000,0.00000,0.00670
18,0.00000,0.00000,0.00375
20,0.00000,0.00000,0.00486
22,0.00000,0.00000,0.00397
24,0.00000,0.00000,0.00870
26,0.00000,0.00000,0.00875
28,0.00000,0.00000,0.00951
30,0.00000,0.00000,0.01383
32,0.00000,0.00000,0.01544
34,0.00000,0.00000,0.01206
36,0.00000,0.00000,0.00587
38,0.00000,0.00000,0.00706
40,0.00000,0.00000,0.01110
42,0.00000,0.00000,0.01012
44,0.00000,0.00000,0.00445
46,0.00000,0.00000,0.00345
48,0.00000,0.00000,0.00549
50,0.00000,0.00000,0.00613
52,0.00000,0.00000,0.00921
54,0.00000,0.00000,0.01344
56,0.00000,0.00000,0.00980
58,0.00000,0.00000,0.00336
60,0.00000,0.00000,0.00407
62,0.00000,0.00000,0.00740
64,0.00000,0.00000,0.00077
66,0.00000,0.00000,0.00787
68,0.00000,0.00000,0.00821
70,0.00000,0.00000,0.00705
72,0.00000,0.00000,0.00403
74,0.00000,0.00000,0.00583
76,0.00000,0.00000,0.00580
78,0.00000,0.00000,0.00435
80,0.00000,0.00000,0.00592
82,0.00000,0.00000,0.00248
84,0.00000,0.00000,0.00426
86,0.00000,0.00000,0.00922
88,0.00000,0.00000,0.00609
90,0.00000,0.00000,0.00792
92,0.00000,0.00000,0.00566
94,0.00000,0.00000,0.00935
96,0.00000,0.00000,0.01264
98,0.00000,0.00000,0.00239
100,0.00000,0.00000,0.00442
102,0.00000,0.00000,0.00355
104,0.00000,0.00000,0.00952
106,0.00000,0.00000,0.01013
108,0.50000,0.00000,0.50854
110,1.00000,0.00000,1.00724
112,0.50000,0.00000,0.50373
114,0.00000,0.00000,0.00827
116,0.00000,0.00000,0.01211
118,0.00000,0.00000,0.00575
120,0.00000,0.00000,0.00149
122,0.00000,0.00000,0.00631
124,0.00000,0.00000,0.01161
126,0.00000,0.00000,0.00716
128,0.00000,0.00000,0.00474
130,0.00000,0.00000,0.00641
132,0.00000,0.00000,0.01282
134,0.00000,0.00000,0.00633
136,0.00000,0.00000,0.00796
138,0.00000,0.00000,0.01024
140,0.00000,0.00000,0.01375
142,0.00000,0.00000,0.01251
144,0.00000,0.00000,0.00602
146,0.00000,0.00000,0.00611
148,0.00000,0.00000,0.00645
150,0.00000,0.00000,0.00516
152,0.00000,0.00000,0.00175
154,0.00000,0.00000,0.00363
156,0.00000,0.00000,0.00829
158,0.00000,0.00000,0.00805
160,0.00000,0.00000,0.00491
162,0.00000,0.00000,0.00572
164,0.00000,0.00000,0.00171
166,0.00000,0.00000,0.01054
168,0.00000,0.00000,0.01039
170,0.00000,0.00000,0.00611
172,0.00000,0.00000,0.00545
174,0.00000,0.00000,0.00587
176,0.00000,0.00000,0.00606
178,0.00000,0.00000,0.00467
180,0.00000,0.00000,0.00769
182,0.00000,0.00000,0.01392
184,0.00000,0.00000,0.01111
186,0.00000,0.00000,0.00374
188,0.00000,0.00000,0.00380
190,0.00000,0.00000,0.00336
192,0.00000,0.00000,0.00797
194,0.00000,0.00000,0.00953
196,0.00000,0.00000,0.00562
198,0.00000,0.00000,0.00208
200,0.00000,0.00000,0.00046
202,0.00000,0.00000,0.00163
204,0.00000,0.00000,0.00334
206,0.00000,0.00000,0.00135
208,0.00000,0.00000,0.00104
210,0.00000,0.00000,0.00154
212,0.00000,0.00000,0.00462
214,0.00000,0.00000,0.00230
216,0.00000,0.00000,0.00540
218,0.22500,0.00000,0.21824
220,0.45000,0.00000,0.43984
222,0.22500,0.00000,0.21618
224,0.00000,0.00000,0.00318
226,0.00000,0.00000,0.00610
228,0.00000,0.00000,0.00471
230,0.00000,0.00000,0.00419
232,0.00000,0.00000,0.00108
234,0.00000,0.00000,0.00931
236,0.00000,0.00000,0.01303
238,0.00000,0.00000,0.00997
240,0.00000,0.00000,0.00692
242,0.00000,0.00000,0.00444
244,0.00000,0.00000,0.00420
246,0.00000,0.00000,0.00526
248,0.00000,0.00000,0.00907
250,0.00000,0.00000,0.00885
252,0.00000,0.00000,0.00659
254,0.00000,0.00000,0.00446
256,0.00000,0.00000,0.00399
258,0.00000,0.00000,0.00917
260,0.00000,0.00000,0.00168
262,0.00000,0.00000,0.00177
264,0.00000,0.00000,0.00397
266,0.00000,0.00000,0.00195
268,0.00000,0.00000,0.00576
270,0.00000,0.00000,0.00716
272,0.00000,0.00000,0.00138
274,0.00000,0.00000,0.00737
276,0.00000,0.00000,0.00502
278,0.00000,0.00000,0.00788
280,0.00000,0.00000,0.00441
282,0.00000,0.00000,0.00661
284,0.00000,0.00000,0.00642
286,0.00000,0.00000,0.00066
288,0.00000,0.00000,0.00239
290,0.00000,0.00000,0.00511
292,0.00000,0.00000,0.00445
294,0.00000,0.00000,0.00543
296,0.00000,0.00000,0.00414
298,0.00000,0.00000,0.00402
300,0.00000,0.00000,0.00875
302,0.00000,0.00000,0.00657
304,0.00000,0.00000,0.00173
306,0.00000,0.00000,0.00848
308,0.00000,0.00000,0.00848
310,0.00000,0.00000,0.00606
312,0.00000,0.00000,0.00643
314,0.00000,0.00000,0.00614
316,0.00000,0.00000,0.00143
318,0.00000,0.00000,0.00694
320,0.00000,0.00000,0.01067
322,0.00000,0.00000,0.00603
324,0.00000,0.00000,0.00362
326,0.00000,0.00000,0.00476
328,0.00000,0.00000,0.00544
330,0.00000,0.00000,0.00601
332,0.00000,0.00000,0.01010
334,0.00000,0.00000,0.00484
336,0.00000,0.00000,0.00440
338,0.00000,0.00000,0.00655
340,0.00000,0.00000,0.00281
342,0.00000,0.00000,0.00082
344,0.00000,0.00000,0.00684
346,0.00000,0.00000,0.00384
348,0.00000,0.40000,0.40363
350,0.00000,0.80000,0.80500
352,0.00000,0.40000,0.40600
354,0.00000,0.00000,0.00493
356,0.00000,0.00000,0.00970
358,0.00000,0.00000,0.00533
360,0.00000,0.00000,0.00290
362,0.00000,0.00000,0.00506
364,0.00000,0.00000,0.00684
366,0.00000,0.00000,0.00865
368,0.00000,0.00000,0.00401
370,0.00000,0.00000,0.00311
372,0.00000,0.00000,0.00206
374,0.00000,0.00000,0.00550
376,0.00000,0.00000,0.00568
378,0.00000,0.00000,0.00561
380,0.00000,0.00000,0.00467
382,0.00000,0.00000,0.00377
384,0.00000,0.00000,0.00133
386,0.00000,0.00000,0.00320
388,0.00000,0.00000,0.00746
390,0.00000,0.00000,0.00847
392,0.00000,0.00000,0.00492
394,0.00000,0.00000,0.00739
396,0.00000,0.00000,0.00480
398,0.00000,0.00000,0.00634
400,0.00000,0.00000,0.00504
402,0.00000,0.00000,0.00421
404,0.00000,0.00000,0.00546
406,0.00000,0.00000,0.00386
408,0.00000,0.00000,0.00329
410,0.00000,0.00000,0.00575
412,0.00000,0.00000,0.00318
414,0.00000,0.00000,0.00338
416,0.00000,0.00000,0.00718
418,0.00000,0.00000,0.00283
420,0.00000,0.00000,0.00138
422,0.00000,0.00000,0.00622
424,0.00000,0.00000,0.00344
426,0.00000,0.00000,0.00570
428,0.00000,0.00000,0.01287
430,0.00000,0.00000,0.00814
432,0.00000,0.00000,0.00363
434,0.00000,0.00000,0.00725
436,0.00000,0.00000,0.00687
438,0.00000,0.00000,0.00186
440,0.00000,0.00000,0.00231
442,0.00000,0.00000,0.00422
444,0.00000,0.00000,0.00637
446,0.00000,0.00000,0.00579
448,0.00000,0.00000,0.00069
450,0.00000,0.00000,0.00649
452,0.00000,0.00000,0.00424
454,0.00000,0.00000,0.00290
456,0.00000,0.00000,0.00898
458,0.00000,0.00000,0.01005
460,0.00000,0.00000,0.00490
462,0.00000,0.00000,0.01482
464,0.00000,0.00000,0.01472
466,0.00000,0.00000,0.01149
468,0.00000,0.00000,0.00890
470,0.00000,0.00000,0.00561
472,0.00000,0.00000,0.00560
474,0.00000,0.00000,0.00275
476,0.00000,0.00000,0.00176
478,0.00000,0.00000,0.00293
480,0.00000,0.00000,0.00554
482,0.00000,0.00000,0.00761
484,0.00000,0.00000,0.00803
486,0.00000,0.00000,0.00392
488,0.00000,0.00000,0.00293
490,0.00000,0.00000,0.00106
492,0.00000,0.00000,0.00124
494,0.00000,0.00000,0.00171
496,0.00000,0.00000,0.00330
498,0.00000,0.00000,0.00626
500,0.00000,0.00000,0.01019
502,0.00000,0.00000,0.00912
504,0.00000,0.00000,0.00959
506,0.00000,0.00000,0.01368
508,0.00000,0.00000,0.00936
510,0.00000,0.00000,0.00348
512,0.00000,0.00000,0.00856
514,0.00000,0.00000,0.00842
516,0.00000,0.00000,0.00636
518,0.00000,0.00000,0.00210
520,0.00000,0.00000,0.00440
522,0.00000,0.00000,0.00472
524,0.00000,0.00000,0.00776
526,0.00000,0.00000,0.00876
528,0.00000,0.00000,0.00386
530,0.00000,0.00000,0.00766
532,0.00000,0.00000,0.00990
534,0.00000,0.00000,0.00320
536,0.00000,0.00000,0.00718
538,0.00000,0.00000,0.00457
540,0.00000,0.00000,0.00313
542,0.00000,0.00000,0.00250
544,0.00000,0.00000,0.00166
546,0.00000,0.00000,0.00593
548,0.00000,0.00000,0.00295
550,0.00000,0.00000,0.00689
552,0.00000,0.00000,0.00444
554,0.00000,0.00000,0.00107
556,0.00000,0.00000,0.00642
558,0.00000,0.00000,0.00864
560,0.00000,0.00000,0.00344
562,0.00000,0.00000,0.00519
564,0.00000,0.00000,0.00405
566,0.00000,0.00000,0.00415
568,0.00000,0.00000,0.00376
570,0.00000,0.00000,0.00336
572,0.00000,0.00000,0.00731
574,0.00000,0.00000,0.00574
576,0.00000,0.00000,0.00150
578,0.00000,0.00000,0.00318
580,0.00000,0.00000,0.00451
582,0.00000,0.00000,0.00275
584,0.00000,0.00000,0.00558
586,0.00000,0.00000,0.00345
588,0.00000,0.00000,0.00405
590,0.00000,0.00000,0.00837
592,0.00000,0.00000,0.00576
594,0.00000,0.00000,0.00783
596,0.00000,0.00000,0.00786
598,0.00000,0.00000,0.00556
600,0.00000,0.00000,0.00341
602,0.00000,0.00000,0.00300
604,0.00000,0.00000,0.00446
606,0.00000,0.00000,0.01134
608,0.00000,0.00000,0.00932
610,0.00000,0.00000,0.00787
612,0.00000,0.00000,0.00873
614,0.00000,0.00000,0.00699
616,0.00000,0.00000,0.00873
618,0.00000,0.00000,0.00680
620,0.00000,0.00000,0.00373
622,0.00000,0.00000,0.00510
624,0.00000,0.00000,0.00528
626,0.00000,0.00000,0.00371
628,0.00000,0.00000,0.00347
630,0.00000,0.00000,0.00238
632,0.00000,0.00000,0.00344
634,0.00000,0.00000,0.00219
636,0.00000,0.00000,0.00424
638,0.00000,0.00000,0.00731
640,0.00000,0.00000,0.00563
642,0.00000,0.00000,0.00087
644,0.00000,0.00000,0.00051
646,0.00000,0.00000,0.00494
648,0.00000,0.00000,0.00389
650,0.00000,0.00000,0.00120
652,0.00000,0.00000,0.00191
654,0.00000,0.00000,0.00724
656,0.00000,0.00000,0.00588
658,0.00000,0.00000,0.00329
660,0.00000,0.00000,0.00583
662,0.00000,0.00000,0.00647
664,0.00000,0.00000,0.00702
666,0.00000,0.00000,0.00696
668,0.00000,0.00000,0.00250
670,0.00000,0.00000,0.00572
672,0.00000,0.00000,0.00591
674,0.00000,0.00000,0.01075
676,0.00000,0.00000,0.01285
678,0.00000,0.00000,0.00680
680,0.00000,0.00000,0.00252
682,0.00000,0.00000,0.00523
684,0.00000,0.00000,0.00414
686,0.00000,0.00000,0.00228
688,0.00000,0.00000,0.00674
690,0.00000,0.00000,0.01057
692,0.00000,0.00000,0.00498
694,0.00000,0.00000,0.00204
696,0.00000,0.00000,0.00499
698,0.00000,0.15000,0.14937
700,0.00000,0.30000,0.30097
702,0.00000,0.15000,0.14841
704,0.00000,0.00000,0.00417
706,0.00000,0.00000,0.00866
708,0.00000,0.00000,0.00896
710,0.00000,0.00000,0.00153
712,0.00000,0.00000,0.00168
714,0.00000,0.00000,0.00463
716,0.00000,0.00000,0.00482
718,0.00000,0.00000,0.00592
720,0.00000,0.00000,0.00529
722,0.00000,0.00000,0.00652
724,0.00000,0.00000,0.00729
726,0.00000,0.00000,0.00507
728,0.00000,0.00000,0.00438
730,0.00000,0.00000,0.01166
732,0.00000,0.00000,0.00848
734,0.00000,0.00000,0.00269
736,0.00000,0.00000,0.00279
738,0.00000,0.00000,0.00182
740,0.00000,0.00000,0.00387
742,0.00000,0.00000,0.00364
744,0.00000,0.00000,0.00330
746,0.00000,0.00000,0.00767
748,0.00000,0.00000,0.00375
750,0.00000,0.00000,0.00291
752,0.00000,0.00000,0.00519
754,0.00000,0.00000,0.00717
756,0.00000,0.00000,0.00483
758,0.00000,0.00000,0.00514
760,0.00000,0.00000,0.00330
762,0.00000,0.00000,0.00290
764,0.00000,0.00000,0.00306
766,0.00000,0.00000,0.00463
768,0.00000,0.00000,0.00932
770,0.00000,0.00000,0.00695
772,0.00000,0.00000,0.00505
774,0.00000,0.00000,0.00728
776,0.00000,0.00000,0.00038
778,0.00000,0.00000,0.00747
780,0.00000,0.00000,0.00594
782,0.00000,0.00000,0.00131
784,0.00000,0.00000,0.00416
786,0.00000,0.00000,0.00065
788,0.00000,0.00000,0.00068
790,0.00000,0.00000,0.00494
792,0.00000,0.00000,0.00898
794,0.00000,0.00000,0.01399
796,0.00000,0.00000,0.01006
798,0.00000,0.00000,0.00414
800,0.00000,0.00000,0.00540
802,0.00000,0.00000,0.00408
804,0.00000,0.00000,0.00177
806,0.00000,0.00000,0.00439
808,0.00000,0.00000,0.00615
810,0.00000,0.00000,0.00802
812,0.00000,0.00000,0.00472
814,0.00000,0.00000,0.00210
816,0.00000,0.00000,0.00406
818,0.00000,0.00000,0.00589
820,0.00000,0.00000,0.00328
822,0.00000,0.00000,0.00185
824,0.00000,0.00000,0.00338
826,0.00000,0.00000,0.00058
828,0.00000,0.00000,0.01020
830,0.00000,0.00000,0.00913
832,0.00000,0.00000,0.00434
834,0.00000,0.00000,0.00445
836,0.00000,0.00000,0.00756
838,0.00000,0.00000,0.00877
840,0.00000,0.00000,0.01063
842,0.00000,0.00000,0.01424
844,0.00000,0.00000,0.00957
846,0.00000,0.00000,0.00438
848,0.00000,0.00000,0.00964
850,0.00000,0.00000,0.00866
852,0.00000,0.00000,0.00450
854,0.00000,0.00000,0.00226
856,0.00000,0.00000,0.00450
858,0.00000,0.00000,0.00185
860,0.00000,0.00000,0.00617
862,0.00000,0.00000,0.00578
864,0.00000,0.00000,0.00739
866,0.00000,0.00000,0.00406
868,0.00000,0.00000,0.00564
870,0.00000,0.00000,0.01037
872,0.00000,0.00000,0.00938
874,0.00000,0.00000,0.00130
876,0.00000,0.00000,0.00376
878,0.00000,0.00000,0.00467
880,0.00000,0.00000,0.00922
882,0.00000,0.00000,0.00860
884,0.00000,0.00000,0.00594
886,0.00000,0.00000,0.00396
888,0.00000,0.00000,0.00113
890,0.00000,0.00000,0.00626
892,0.00000,0.00000,0.01106
894,0.00000,0.00000,0.00763
896,0.00000,0.00000,0.00499
898,0.00000,0.00000,0.01067
900,0.00000,0.00000,0.00803
902,0.00000,0.00000,0.00806
904,0.00000,0.00000,0.00406
906,0.00000,0.00000,0.00357
908,0.00000,0.00000,0.00156
910,0.00000,0.00000,0.00949
912,0.00000,0.00000,0.00826
914,0.00000,0.00000,0.00470
916,0.00000,0.00000,0.00239
918,0.00000,0.00000,0.00178
920,0.00000,0.00000,0.00200
922,0.00000,0.00000,0.00309
924,0.00000,0.00000,0.00405
926,0.00000,0.00000,0.00540
928,0.00000,0.00000,0.00451
930,0.00000,0.00000,0.00927
932,0.00000,0.00000,0.00901
934,0.00000,0.00000,0.00638
936,0.00000,0.00000,0.00562
938,0.00000,0.00000,0.00551
940,0.00000,0.00000,0.00672
942,0.00000,0.00000,0.00459
944,0.00000,0.00000,0.00676
946,0.00000,0.00000,0.00596
948,0.00000,0.00000,0.00382
950,0.00000,0.00000,0.00769
952,0.00000,0.00000,0.00650
954,0.00000,0.00000,0.00146
956,0.00000,0.00000,0.00175
958,0.00000,0.00000,0.00173
960,0.00000,0.00000,0.00521
962,0.00000,0.00000,0.00962
964,0.00000,0.00000,0.00610
966,0.00000,0.00000,0.00477
968,0.00000,0.00000,0.00290
970,0.00000,0.00000,0.00280
972,0.00000,0.00000,0.00215
974,0.00000,0.00000,0.00380
976,0.00000,0.00000,0.00301
978,0.00000,0.00000,0.00281
980,0.00000,0.00000,0.00516
982,0.00000,0.00000,0.00202
984,0.00000,0.00000,0.00649
986,0.00000,0.00000,0.00502
988,0.00000,0.00000,0.00204
990,0.00000,0.00000,0.00680
992,0.00000,0.00000,0.00306
994,0.00000,0.00000,0.00289
996,0.00000,0.00000,0.00539
998,0.00000,0.00000,0.00285
1000,0.00000,0.00000,0.00069
1002,0.00000,0.00000,0.00238
1004,0.00000,0.00000,0.00430
1006,0.00000,0.00000,0.00263
1008,0.00000,0.00000,0.00382
1010,0.00000,0.00000,0.00676
1012,0.00000,0.00000,0.00412
1014,0.00000,0.00000,0.00770
1016,0.00000,0.00000,0.00915
1018,0.00000,0.00000,0.00761
1020,0.00000,0.00000,0.01268
1022,0.00000,0.00000,0.01328
1024,0.00000,0.00000,0.00564
1026,0.00000,0.00000,0.00174
1028,0.00000,0.00000,0.00196
1030,0.00000,0.00000,0.00356
1032,0.00000,0.00000,0.00267
1034,0.00000,0.00000,0.00117
1036,0.00000,0.00000,0.00252
1038,0.00000,0.00000,0.00506
1040,0.00000,0.00000,0.00758
1042,0.00000,0.00000,0.00397
1044,0.00000,0.00000,0.00215
1046,0.00000,0.00000,0.00521
1048,0.00000,0.00000,0.00800
1050,0.00000,0.00000,0.00470
1052,0.00000,0.00000,0.00103
1054,0.00000,0.00000,0.00281
1056,0.00000,0.00000,0.00629
1058,0.00000,0.00000,0.00776
1060,0.00000,0.00000,0.01000
1062,0.00000,0.00000,0.00328
1064,0.00000,0.00000,0.00222
1066,0.00000,0.00000,0.00404
1068,0.00000,0.00000,0.00804
1070,0.00000,0.00000,0.00523
1072,0.00000,0.00000,0.00331
1074,0.00000,0.00000,0.00659
1076,0.00000,0.00000,0.00400
1078,0.00000,0.00000,0.00691
1080,0.00000,0.00000,0.01058
1082,0.00000,0.00000,0.00994
1084,0.00000,0.00000,0.00335
1086,0.00000,0.00000,0.00339
1088,0.00000,0.00000,0.00573
1090,0.00000,0.00000,0.00551
1092,0.00000,0.00000,0.00941
1094,0.00000,0.00000,0.01285
1096,0.00000,0.00000,0.00339
1098,0.00000,0.00000,0.00610
1100,0.00000,0.00000,0.00435
1102,0.00000,0.00000,0.01008
1104,0.00000,0.00000,0.00676
1106,0.00000,0.00000,0.00315
1108,0.00000,0.00000,0.00581
1110,0.00000,0.00000,0.00597
1112,0.00000,0.00000,0.00764
1114,0.00000,0.00000,0.00377
1116,0.00000,0.00000,0.00674
1118,0.00000,0.00000,0.00605
1120,0.00000,0.00000,0.00180
1122,0.00000,0.00000,0.00513
1124,0.00000,0.00000,0.00097
1126,0.00000,0.00000,0.01139
1128,0.00000,0.00000,0.01054
1130,0.00000,0.00000,0.00056
1132,0.00000,0.00000,0.00355
1134,0.00000,0.00000,0.00311
1136,0.00000,0.00000,0.00804
1138,0.00000,0.00000,0.00779
1140,0.00000,0.00000,0.00182
1142,0.00000,0.00000,0.00298
1144,0.00000,0.00000,0.00542
1146,0.00000,0.00000,0.00607
1148,0.00000,0.00000,0.00582
1150,0.00000,0.00000,0.00656
1152,0.00000,0.00000,0.00464
1154,0.00000,0.00000,0.00454
1156,0.00000,0.00000,0.00112
1158,0.00000,0.00000,0.00465
1160,0.00000,0.00000,0.00328
1162,0.00000,0.00000,0.00116
1164,0.00000,0.00000,0.00439
1166,0.00000,0.00000,0.00781
1168,0.00000,0.00000,0.01105
1170,0.00000,0.00000,0.00885
1172,0.00000,0.00000,0.00506
1174,0.00000,0.00000,0.00770
1176,0.00000,0.00000,0.00506
1178,0.00000,0.00000,0.00769
1180,0.00000,0.00000,0.01110
1182,0.00000,0.00000,0.01063
1184,0.00000,0.00000,0.00458
1186,0.00000,0.00000,0.00030
1188,0.00000,0.00000,0.00278
1190,0.00000,0.00000,0.00150
1192,0.00000,0.00000,0.00487
1194,0.00000,0.00000,0.00721
1196,0.00000,0.00000,0.00704
1198,0.00000,0.00000,0.00792
1200,0.00000,0.00000,0.00552
1202,0.00000,0.00000,0.00680
1204,0.00000,0.00000,0.00690
1206,0.00000,0.00000,0.01099
1208,0.00000,0.00000,0.00666
1210,0.00000,0.00000,0.00447
1212,0.00000,0.00000,0.00829
1214,0.00000,0.00000,0.00914
1216,0.00000,0.00000,0.00744
1218,0.00000,0.00000,0.00260
1220,0.00000,0.00000,0.00310
1222,0.00000,0.00000,0.00241
1224,0.00000,0.00000,0.00031
1226,0.00000,0.00000,0.00465
1228,0.00000,0.00000,0.00241
1230,0.00000,0.00000,0.00899
1232,0.00000,0.00000,0.00249
1234,0.00000,0.00000,0.00987
1236,0.00000,0.00000,0.00534
1238,0.00000,0.00000,0.00564
1240,0.00000,0.00000,0.00152
1242,0.00000,0.00000,0.00936
1244,0.00000,0.00000,0.00930
1246,0.00000,0.00000,0.00500
1248,0.00000,0.00000,0.00730
1250,0.00000,0.00000,0.00686
1252,0.00000,0.00000,0.00617
1254,0.00000,0.00000,0.00417
1256,0.00000,0.00000,0.00204
1258,0.00000,0.00000,0.00072
1260,0.00000,0.00000,0.00267
1262,0.00000,0.00000,0.00558
1264,0.00000,0.00000,0.00358
1266,0.00000,0.00000,0.00467
1268,0.00000,0.00000,0.01006
1270,0.00000,0.00000,0.00349
1272,0.00000,0.00000,0.00620
1274,0.00000,0.00000,0.00189
1276,0.00000,0.00000,0.00394
1278,0.00000,0.00000,0.00462
1280,0.00000,0.00000,0.00448
1282,0.00000,0.00000,0.00321
1284,0.00000,0.00000,0.00203
1286,0.00000,0.00000,0.00418
1288,0.00000,0.00000,0.00653
1290,0.00000,0.00000,0.00284
1292,0.00000,0.00000,0.00418
1294,0.00000,0.00000,0.00666
1296,0.00000,0.00000,0.01075
1298,0.00000,0.00000,0.01000
1300,0.00000,0.00000,0.00784
1302,0.00000,0.00000,0.00936
1304,0.00000,0.00000,0.00720
1306,0.00000,0.00000,0.00600
1308,0.00000,0.00000,0.00697
1310,0.00000,0.00000,0.00906
1312,0.00000,0.00000,0.00473
1314,0.00000,0.00000,0.00257
1316,0.00000,0.00000,0.00121
1318,0.00000,0.00000,0.00398
1320,0.00000,0.00000,0.00142
1322,0.00000,0.00000,0.00049
1324,0.00000,0.00000,0.00245
1326,0.00000,0.00000,0.00116
1328,0.00000,0.00000,0.00418
1330,0.00000,0.00000,0.01393
1332,0.00000,0.00000,0.01720
1334,0.00000,0.00000,0.00737
1336,0.00000,0.00000,0.00445
1338,0.00000,0.00000,0.00554
1340,0.00000,0.00000,0.00652
1342,0.00000,0.00000,0.00366
1344,0.00000,0.00000,0.00269
1346,0.00000,0.00000,0.00553
1348,0.00000,0.00000,0.00521
1350,0.00000,0.00000,0.00563
1352,0.00000,0.00000,0.00435
1354,0.00000,0.00000,0.00845
1356,0.00000,0.00000,0.01130
1358,0.00000,0.00000,0.00466
1360,0.00000,0.00000,0.00615
1362,0.00000,0.00000,0.00886
1364,0.00000,0.00000,0.00666
1366,0.00000,0.00000,0.00385
1368,0.00000,0.00000,0.00494
1370,0.00000,0.00000,0.00719
1372,0.00000,0.00000,0.00564
1374,0.00000,0.00000,0.00286
1376,0.00000,0.00000,0.00775
1378,0.00000,0.00000,0.00954
1380,0.00000,0.00000,0.00595
1382,0.00000,0.00000,0.01053
1384,0.00000,0.00000,0.00769
1386,0.00000,0.00000,0.00303
1388,0.00000,0.00000,0.00880
1390,0.00000,0.00000,0.00441
1392,0.00000,0.00000,0.00704
1394,0.00000,0.00000,0.00688
1396,0.00000,0.00000,0.00675
1398,0.00000,0.00000,0.00469
1400,0.00000,0.00000,0.01056
1402,0.00000,0.00000,0.00819
1404,0.00000,0.00000,0.00242
1406,0.00000,0.00000,0.00500
1408,0.00000,0.00000,0.00307
1410,0.00000,0.00000,0.00534
1412,0.00000,0.00000,0.01013
1414,0.00000,0.00000,0.00744
1416,0.00000,0.00000,0.00412
1418,0.00000,0.00000,0.00220
1420,0.00000,0.00000,0.00700
1422,0.00000,0.00000,0.00244
1424,0.00000,0.00000,0.00341
1426,0.00000,0.00000,0.00245
1428,0.00000,0.00000,0.00898
1430,0.00000,0.00000,0.00773
1432,0.00000,0.00000,0.00655
1434,0.00000,0.00000,0.00820
1436,0.00000,0.00000,0.01030
1438,0.00000,0.00000,0.00667
1440,0.00000,0.00000,0.00797
1442,0.00000,0.00000,0.00732
1444,0.00000,0.00000,0.00999
1446,0.00000,0.00000,0.00866
1448,0.00000,0.00000,0.00433
1450,0.00000,0.00000,0.00400
1452,0.00000,0.00000,0.00635
1454,0.00000,0.00000,0.00719
1456,0.00000,0.00000,0.00307
1458,0.00000,0.00000,0.00133
1460,0.00000,0.00000,0.00201
1462,0.00000,0.00000,0.00527
1464,0.00000,0.00000,0.00733
1466,0.00000,0.00000,0.01618
1468,0.00000,0.00000,0.01032
1470,0.00000,0.00000,0.00430
1472,0.00000,0.00000,0.00126
1474,0.00000,0.00000,0.00722
1476,0.00000,0.00000,0.00776
1478,0.00000,0.00000,0.00605
1480,0.00000,0.00000,0.00334
1482,0.00000,0.00000,0.00227
1484,0.00000,0.00000,0.00909
1486,0.00000,0.00000,0.01297
1488,0.00000,0.00000,0.00233
1490,0.00000,0.00000,0.00646
1492,0.00000,0.00000,0.00504
1494,0.00000,0.00000,0.00146
1496,0.00000,0.00000,0.00236
1498,0.00000,0.00000,0.00587
1500,0.00000,0.00000,0.01001
1502,0.00000,0.00000,0.00722
1504,0.00000,0.00000,0.00392
1506,0.00000,0.00000,0.00500
1508,0.00000,0.00000,0.00630
1510,0.00000,0.00000,0.00559
1512,0.00000,0.00000,0.00238
1514,0.00000,0.00000,0.00376
1516,0.00000,0.00000,0.00349
1518,0.00000,0.00000,0.00151
1520,0.00000,0.00000,0.00373
1522,0.00000,0.00000,0.00387
1524,0.00000,0.00000,0.00404
1526,0.00000,0.00000,0.00662
1528,0.00000,0.00000,0.00827
1530,0.00000,0.00000,0.00719
1532,0.00000,0.00000,0.00823
1534,0.00000,0.00000,0.00783
1536,0.00000,0.00000,0.00357
1538,0.00000,0.00000,0.00361
1540,0.00000,0.00000,0.00159
1542,0.00000,0.00000,0.00598
1544,0.00000,0.00000,0.00366
1546,0.00000,0.00000,0.00382
1548,0.00000,0.00000,0.00517
1550,0.00000,0.00000,0.00797
1552,0.00000,0.00000,0.00767
1554,0.00000,0.00000,0.00839
1556,0.00000,0.00000,0.00780
1558,0.00000,0.00000,0.00554
1560,0.00000,0.00000,0.00267
1562,0.00000,0.00000,0.00293
1564,0.00000,0.00000,0.00217
1566,0.00000,0.00000,0.00468
1568,0.00000,0.00000,0.00225
1570,0.00000,0.00000,0.00501
1572,0.00000,0.00000,0.00707
1574,0.00000,0.00000,0.00692
1576,0.00000,0.00000,0.01428
1578,0.00000,0.00000,0.01103
1580,0.00000,0.00000,0.00389
1582,0.00000,0.00000,0.00419
1584,0.00000,0.00000,0.00416
1586,0.00000,0.00000,0.00713
1588,0.00000,0.00000,0.00773
1590,0.00000,0.00000,0.00704
1592,0.00000,0.00000,0.00701
1594,0.00000,0.00000,0.00766
1596,0.00000,0.00000,0.00880
1598,0.00000,0.00000,0.00747
1600,0.00000,0.00000,0.00477
1602,0.00000,0.00000,0.00021
1604,0.00000,0.00000,0.00581
1606,0.00000,0.00000,0.00254
1608,0.00000,0.00000,0.00430
1610,0.00000,0.00000,0.00520
1612,0.00000,0.00000,0.00625
1614,0.00000,0.00000,0.00581
1616,0.00000,0.00000,0.01072
1618,0.00000,0.00000,0.00988
1620,0.00000,0.00000,0.00609
1622,0.00000,0.00000,0.00694
1624,0.00000,0.00000,0.00242
1626,0.00000,0.00000,0.00178
1628,0.00000,0.00000,0.00392
1630,0.00000,0.00000,0.00557
1632,0.00000,0.00000,0.01004
1634,0.00000,0.00000,0.00662
1636,0.00000,0.00000,0.00514
1638,0.00000,0.00000,0.01019
1640,0.00000,0.00000,0.01056
1642,0.00000,0.00000,0.00402
1644,0.00000,0.00000,0.00072
1646,0.00000,0.00000,0.00199
1648,0.00000,0.00000,0.00187
1650,0.00000,0.00000,0.00244
1652,0.00000,0.00000,0.00323
1654,0.00000,0.00000,0.00311
1656,0.00000,0.00000,0.00528
1658,0.00000,0.00000,0.00322
1660,0.00000,0.00000,0.00610
1662,0.00000,0.00000,0.01131
1664,0.00000,0.00000,0.01164
1666,0.00000,0.00000,0.00234
1668,0.00000,0.00000,0.01243
1670,0.00000,0.00000,0.01218
1672,0.00000,0.00000,0.00713
1674,0.00000,0.00000,0.00414
1676,0.00000,0.00000,0.00687
1678,0.00000,0.00000,0.00427
1680,0.00000,0.00000,0.00425
1682,0.00000,0.00000,0.00607
1684,0.00000,0.00000,0.00659
1686,0.00000,0.00000,0.00774
1688,0.00000,0.00000,0.01368
1690,0.00000,0.00000,0.01647
1692,0.00000,0.00000,0.00779
1694,0.00000,0.00000,0.00535
1696,0.00000,0.00000,0.00680
1698,0.00000,0.00000,0.00371
1700,0.00000,0.00000,0.00898
1702,0.00000,0.00000,0.00503
1704,0.00000,0.00000,0.00456
1706,0.00000,0.00000,0.00561
1708,0.00000,0.00000,0.00718
1710,0.00000,0.00000,0.00306
1712,0.00000,0.00000,0.00540
1714,0.00000,0.00000,0.00754
1716,0.00000,0.00000,0.00988
1718,0.00000,0.00000,0.00833
1720,0.00000,0.00000,0.00579
1722,0.00000,0.00000,0.00193
1724,0.00000,0.00000,0.00314
1726,0.00000,0.00000,0.00704
1728,0.00000,0.00000,0.00675
1730,0.00000,0.00000,0.00345
1732,0.00000,0.00000,0.00277
1734,0.00000,0.00000,0.00590
1736,0.00000,0.00000,0.00622
1738,0.00000,0.00000,0.00581
1740,0.00000,0.00000,0.00410
1742,0.00000,0.00000,0.00179
1744,0.00000,0.00000,0.00385
1746,0.00000,0.00000,0.00309
1748,0.00000,0.00000,0.00474
1750,0.00000,0.00000,0.01136
1752,0.00000,0.00000,0.01128
1754,0.00000,0.00000,0.00176
1756,0.00000,0.00000,0.00695
1758,0.00000,0.00000,0.00095
1760,0.00000,0.00000,0.00671
1762,0.00000,0.00000,0.00806
1764,0.00000,0.00000,0.00490
1766,0.00000,0.00000,0.00163
1768,0.00000,0.00000,0.00710
1770,0.00000,0.00000,0.00872
1772,0.00000,0.00000,0.01109
1774,0.00000,0.00000,0.01194
1776,0.00000,0.00000,0.00563
1778,0.00000,0.00000,0.00382
1780,0.00000,0.00000,0.01127
1782,0.00000,0.00000,0.00951
1784,0.00000,0.00000,0.00194
1786,0.00000,0.00000,0.00540
1788,0.00000,0.00000,0.01276
1790,0.00000,0.00000,0.01396
1792,0.00000,0.00000,0.01162
1794,0.00000,0.00000,0.00665
1796,0.00000,0.00000,0.00217
1798,0.00000,0.00000,0.00270
1800,0.00000,0.00000,0.00335
1802,0.00000,0.00000,0.00245
1804,0.00000,0.00000,0.00492
1806,0.00000,0.00000,0.00682
1808,0.00000,0.00000,0.00433
1810,0.00000,0.00000,0.00184
1812,0.00000,0.00000,0.00198
1814,0.00000,0.00000,0.01099
1816,0.00000,0.00000,0.01022
1818,0.00000,0.00000,0.00358
1820,0.00000,0.00000,0.00443
1822,0.00000,0.00000,0.00081
1824,0.00000,0.00000,0.00567
1826,0.00000,0.00000,0.00388
1828,0.00000,0.00000,0.00319
1830,0.00000,0.00000,0.00157
1832,0.00000,0.00000,0.00680
1834,0.00000,0.00000,0.00541
1836,0.00000,0.00000,0.00199
1838,0.00000,0.00000,0.00123
1840,0.00000,0.00000,0.00625
1842,0.00000,0.00000,0.00805
1844,0.00000,0.00000,0.00743
1846,0.00000,0.00000,0.00684
1848,0.00000,0.00000,0.00204
1850,0.00000,0.00000,0.00702
1852,0.00000,0.00000,0.00941
1854,0.00000,0.00000,0.00560
1856,0.00000,0.00000,0.00429
1858,0.00000,0.00000,0.00224
1860,0.00000,0.00000,0.00365
1862,0.00000,0.00000,0.01061
1864,0.00000,0.00000,0.00952
1866,0.00000,0.00000,0.00600
1868,0.00000,0.00000,0.00561
1870,0.00000,0.00000,0.00579
1872,0.00000,0.00000,0.00550
1874,0.00000,0.00000,0.00486
1876,0.00000,0.00000,0.00611
1878,0.00000,0.00000,0.00297
1880,0.00000,0.00000,0.00307
1882,0.00000,0.00000,0.00341
1884,0.00000,0.00000,0.00320
1886,0.00000,0.00000,0.00382
1888,0.00000,0.00000,0.00425
1890,0.00000,0.00000,0.00504
1892,0.00000,0.00000,0.00550
1894,0.00000,0.00000,0.00745
1896,0.00000,0.00000,0.00466
1898,0.00000,0.00000,0.00280
1900,0.00000,0.00000,0.00409
1902,0.00000,0.00000,0.00726
1904,0.00000,0.00000,0.00253
1906,0.00000,0.00000,0.00465
1908,0.00000,0.00000,0.00077
1910,0.00000,0.00000,0.00392
1912,0.00000,0.00000,0.00461
1914,0.00000,0.00000,0.00829
1916,0.00000,0.00000,0.01135
1918,0.00000,0.00000,0.00495
1920,0.00000,0.00000,0.00386
1922,0.00000,0.00000,0.00810
1924,0.00000,0.00000,0.01249
1926,0.00000,0.00000,0.01429
1928,0.00000,0.00000,0.00737
1930,0.00000,0.00000,0.00270
1932,0.00000,0.00000,0.00730
1934,0.00000,0.00000,0.00773
1936,0.00000,0.00000,0.00541
1938,0.00000,0.00000,0.00589
1940,0.00000,0.00000,0.00847
1942,0.00000,0.00000,0.00261
1944,0.00000,0.00000,0.00087
1946,0.00000,0.00000,0.00680
1948,0.00000,0.00000,0.00738
1950,0.00000,0.00000,0.00398
1952,0.00000,0.00000,0.00648
1954,0.00000,0.00000,0.01057
1956,0.00000,0.00000,0.00653
1958,0.00000,0.00000,0.00889
1960,0.00000,0.00000,0.00529
1962,0.00000,0.00000,0.00342
1964,0.00000,0.00000,0.00688
1966,0.00000,0.00000,0.00277
1968,0.00000,0.00000,0.00582
1970,0.00000,0.00000,0.00734
1972,0.00000,0.00000,0.00209
1974,0.00000,0.00000,0.00775
1976,0.00000,0.00000,0.00578
1978,0.00000,0.00000,0.00675
1980,0.00000,0.00000,0.00601
1982,0.00000,0.00000,0.00093
1984,0.00000,0.00000,0.00902
1986,0.00000,0.00000,0.00829
1988,0.00000,0.00000,0.00528
1990,0.00000,0.00000,0.00336
1992,0.00000,0.00000,0.00361
1994,0.00000,0.00000,0.00709
1996,0.00000,0.00000,0.00769
1998,0.00000,0.00000,0.00830
2000,0.00000,0.00000,0.01092
2002,0.00000,0.00000,0.00876
2004,0.00000,0.00000,0.00598
2006,0.00000,0.00000,0.00798
2008,0.00000,0.00000,0.00851
2010,0.00000,0.00000,0.00299
2012,0.00000,0.00000,0.00506
2014,0.00000,0.00000,0.00349
2016,0.00000,0.00000,0.00642
2018,0.00000,0.00000,0.00509
2020,0.00000,0.00000,0.00833
2022,0.00000,0.00000,0.01074
2024,0.00000,0.00000,0.01116
2026,0.00000,0.00000,0.00257
2028,0.00000,0.00000,0.00498
2030,0.00000,0.00000,0.00232
2032,0.00000,0.00000,0.00184
2034,0.00000,0.00000,0.00226
2036,0.00000,0.00000,0.00543
2038,0.00000,0.00000,0.00602
2040,0.00000,0.00000,0.00368
2042,0.00000,0.00000,0.00573
2044,0.00000,0.00000,0.00802
2046,0.00000,0.00000,0.00856
2048,0.00000,0.00000,0.00435
