t,source_a,source_b,noise,mixture
0.000000,0.00000,0.00000,-0.01729,-0.01729
0.000244,0.31694,0.67288,-0.02075,0.96907
0.000488,0.61229,0.95468,-0.01336,1.55361
0.000732,0.86652,0.77546,0.08424,1.72622
0.000977,1.06393,0.39632,-0.01531,1.44493
0.001221,1.19405,0.11547,-0.17968,1.12983
0.001465,1.25252,-0.01609,0.03988,1.27631
0.001709,1.24129,-0.17957,-0.03208,1.02964
0.001953,1.16810,-0.50908,-0.02604,0.63298
0.002197,1.04549,-0.86539,0.01391,0.19401
0.002441,0.88924,-0.92378,0.02788,-0.00667
0.002686,0.71649,-0.50030,0.13963,0.35582
0.002930,0.54392,0.22119,0.07880,0.84391
0.003174,0.38584,0.80845,0.01326,1.20755
0.003418,0.25279,0.94233,-0.08860,1.10652
0.003662,0.15054,0.66764,-0.12176,0.69642
0.003906,0.07970,0.29421,0.02956,0.40347
0.004150,0.03596,0.06638,0.15733,0.25966
0.004395,0.01092,-0.05146,0.00500,-0.03554
0.004639,-0.00656,-0.26051,-0.01276,-0.27982
0.004883,-0.02873,-0.62571,0.06381,-0.59063
0.005127,-0.06717,-0.92797,-0.17443,-1.16956
0.005371,-0.13105,-0.84750,-0.03747,-1.01602
0.005615,-0.22573,-0.29949,0.05884,-0.46638
0.005859,-0.35183,0.42966,0.10481,0.18263
0.006104,-0.50478,0.90118,-0.02888,0.36752
0.006348,-0.67511,0.89189,0.04519,0.26198
0.006592,-0.84925,0.55167,0.02979,-0.26780
0.006836,-1.01097,0.20718,0.09388,-0.70991
0.007080,-1.14304,0.02831,-0.13359,-1.24831
0.007324,-1.22918,-0.09596,0.06819,-1.25695
0.007568,-1.25596,-0.35748,-0.18174,-1.79519
0.007812,-1.21436,-0.73762,-0.31439,-2.26638
0.008057,-1.10102,-0.95497,-0.07283,-2.12881
0.008301,-0.91879,-0.72708,-0.10990,-1.75577
0.008545,-0.67675,-0.08150,0.10512,-0.65314
0.008789,-0.38947,0.61371,0.07971,0.30395
0.009033,-0.07573,0.94858,-0.14629,0.72656
0.009277,0.24319,0.81091,0.10168,1.15578
0.009521,0.54552,0.43660,-0.12026,0.86185
0.009766,0.81105,0.13700,-0.01035,0.93771
0.010010,1.02305,-0.00430,-0.03527,0.98348
0.010254,1.16970,-0.15424,0.01373,1.02919
0.010498,1.24517,-0.46703,0.09824,0.87637
0.010742,1.24991,-0.83522,0.07661,0.49130
0.010986,1.19039,-0.94029,0.04199,0.29209
0.011230,1.07814,-0.56715,0.07799,0.58898
0.011475,0.92830,0.14119,0.05742,1.12691
0.011719,0.75790,0.76364,-0.07524,1.44631
0.011963,0.58388,0.95159,-0.08608,1.44939
0.012207,0.42126,0.70849,-0.05640,1.07336
0.012451,0.28159,0.32994,0.05992,0.67145
0.012695,0.17181,0.08278,-0.03001,0.22458
0.012939,0.09376,-0.03777,0.28029,0.33628
0.013184,0.04424,-0.22897,-0.09832,-0.28305
0.013428,0.01571,-0.58316,-0.13186,-0.69931
0.013672,-0.00246,-0.90883,0.09222,-0.81907
0.013916,-0.02243,-0.88063,0.17062,-0.73244
0.014160,-0.05608,-0.37547,0.06068,-0.37087
0.014404,-0.11329,0.35573,0.10030,0.34274
0.014648,-0.20046,0.87249,0.17116,0.84320
0.014893,-0.31935,0.91431,-0.01128,0.58367
0.015137,-0.46664,0.59439,-0.17076,-0.04300
0.015381,-0.63394,0.23706,-0.06385,-0.46074
0.015625,-0.80858,0.04127,0.11435,-0.65296
0.015869,-0.97478,-0.07831,-0.17324,-1.22633
0.016113,-1.11539,-0.32035,0.00402,-1.43172
0.016357,-1.21374,-0.69787,0.03039,-1.88123
0.016602,-1.25555,-0.94967,-0.03787,-2.24309
0.016846,-1.23065,-0.77598,0.08684,-1.91979
0.017090,-1.13424,-0.16237,0.06969,-1.22692
0.017334,-0.96770,0.54995,0.27857,-0.13918
0.017578,-0.73867,0.93653,0.07440,0.27226
0.017822,-0.46051,0.84349,-0.07313,0.30984
0.018066,-0.15117,0.47802,-0.06742,0.25944
0.018311,0.16851,0.16069,-0.09979,0.22940
0.018555,0.47667,0.00738,0.11427,0.59832
0.018799,0.75257,-0.13113,-0.06802,0.55342
0.019043,0.97849,-0.42587,-0.00843,0.54419
0.019287,1.14134,-0.80184,0.08992,0.42942
0.019531,1.23383,-0.95076,-0.08682,0.19626
0.019775,1.25492,-0.62974,-0.03524,0.58994
0.020020,1.20972,0.06009,-0.22095,1.04886
0.020264,1.10867,0.71332,-0.12990,1.69209
0.020508,0.96622,0.95544,-0.06813,1.85353
0.020752,0.79912,0.74778,0.04989,1.59679
0.020996,0.62450,0.36755,0.14322,1.13526
0.021240,0.45799,0.10090,-0.00222,0.55668
0.021484,0.31208,-0.02503,0.03136,0.31841
0.021729,0.19488,-0.19969,0.02016,0.01534
0.021973,0.10944,-0.54043,0.13017,-0.30082
0.022217,0.05371,-0.88530,0.10720,-0.72439
0.022461,0.02109,-0.90772,0.03284,-0.85379
0.022705,0.00154,-0.44859,-0.12131,-0.56836
0.022949,-0.01689,0.27908,0.10841,0.37059
0.023193,-0.04632,0.83779,0.04573,0.83720
0.023438,-0.09724,0.93222,0.14723,0.98222
0.023682,-0.17698,0.63682,-0.00359,0.45626
0.023926,-0.28848,0.26917,0.23437,0.21506
0.024170,-0.42963,0.05525,-0.04307,-0.41744
0.024414,-0.59320,-0.06232,0.19117,-0.46435
0.024658,-0.76744,-0.28513,0.01381,-1.03876
0.024902,-0.93716,-0.65669,-0.06195,-1.65581
0.025146,-1.08538,-0.93903,-0.13541,-2.15982
0.025391,-1.19512,-0.81929,-0.01812,-2.03254
0.025635,-1.25139,-0.24199,0.17080,-1.32258
0.025879,-1.24291,0.48206,0.09796,-0.66288
0.026123,-1.16351,0.91842,0.08267,-0.16242
0.026367,-1.01309,0.87274,-0.28510,-0.42545
0.026611,-0.79782,0.52025,0.08532,-0.19225
0.026855,-0.52980,0.18662,0.06670,-0.27649
0.027100,-0.22603,0.01925,-0.06599,-0.27277
0.027344,0.09318,-0.11014,-0.07529,-0.09225
0.027588,0.40601,-0.38595,-0.00028,0.01978
0.027832,0.69128,-0.76571,0.20699,0.13255
0.028076,0.93038,-0.95531,-0.12661,-0.15154
0.028320,1.10903,-0.68764,-0.05134,0.37006
0.028564,1.21848,-0.02147,0.16341,1.36042
0.028809,1.25620,0.65777,-0.05354,1.86044
0.029053,1.22591,0.95364,-0.04371,2.13584
0.029297,1.13688,0.78504,0.01173,1.93365
0.029541,1.00276,0.40679,-0.14895,1.26059
0.029785,0.83992,0.12093,0.02639,0.98724
0.030029,0.66558,-0.01296,-0.14515,0.50747
0.030273,0.49589,-0.17269,0.10622,0.42942
0.030518,0.34420,-0.49795,0.00038,-0.15337
0.030762,0.21974,-0.85779,0.27401,-0.36403
0.031006,0.12680,-0.92871,0.03370,-0.76821
0.031250,0.06449,-0.51828,0.16388,-0.28991
0.031494,0.02720,0.20028,-0.15639,0.07109
0.031738,0.00560,0.79721,-0.01466,0.78814
0.031982,-0.01198,0.94528,0.03878,0.97207
0.032227,-0.03777,0.67852,0.20949,0.85023
0.032471,-0.08281,0.30342,-0.20171,0.01890
0.032715,-0.15529,0.07054,0.11887,0.03412
0.032959,-0.25928,-0.04775,0.07096,-0.23607
0.033203,-0.39389,-0.25199,0.18403,-0.46186
0.033447,-0.55307,-0.61456,0.08549,-1.08214
0.033691,-0.72606,-0.92338,0.00625,-1.64318
0.033936,-0.89834,-0.85680,-0.06260,-1.81774
0.034180,-1.05320,-0.31973,-0.14978,-1.52271
0.034424,-1.17350,0.41050,0.02345,-0.73955
0.034668,-1.24359,0.89422,-0.02300,-0.37238
0.034912,-1.25118,0.89821,0.24243,-0.11054
0.035156,-1.18878,0.56292,-0.07332,-0.69919
0.035400,-1.05482,0.21482,0.03845,-0.80156
0.035645,-0.85400,0.03164,-0.18828,-1.01064
0.035889,-0.59708,-0.09114,-0.04746,-0.73568
0.036133,-0.30001,-0.34754,0.03134,-0.61621
0.036377,0.01749,-0.72733,0.09888,-0.61096
0.036621,0.33379,-0.95411,0.17377,-0.44654
0.036865,0.62738,-0.74048,-0.00530,-0.11839
0.037109,0.87888,-0.10287,-0.13407,0.64194
0.037354,1.07283,0.59736,0.05494,1.72512
0.037598,1.19909,0.94599,0.06204,2.20713
0.037842,1.25366,0.81978,0.05900,2.13244
0.038086,1.23880,0.44740,-0.08403,1.60216
0.038330,1.16256,0.14302,0.13601,1.44158
0.038574,1.03769,-0.00123,0.01055,1.04701
0.038818,0.88008,-0.14795,0.08398,0.81611
0.039062,0.70693,-0.45610,0.15289,0.40373
0.039307,0.53481,-0.82673,0.07311,-0.21881
0.039551,0.37786,-0.94362,0.03438,-0.53138
0.039795,0.24639,-0.58405,0.25834,-0.07933
0.040039,0.14589,0.11993,0.02924,0.29506
0.040283,0.07668,0.75092,-0.03552,0.79208
0.040527,0.03420,0.95314,0.01344,1.00078
0.040771,0.00988,0.71900,0.17793,0.90682
0.041016,-0.00754,0.33967,0.01425,0.34638
0.041260,-0.03031,0.08738,0.06233,0.11939
0.041504,-0.06993,-0.03434,0.14349,0.03922
0.041748,-0.13539,-0.22105,-0.06154,-0.41798
0.041992,-0.23182,-0.57192,-0.20719,-1.01093
0.042236,-0.35955,-0.90305,0.03593,-1.22666
0.042480,-0.51373,-0.88835,0.02757,-1.37451
0.042725,-0.68464,-0.39502,-0.07296,-1.15262
0.042969,-0.85855,0.33580,0.10453,-0.41821
0.043213,-1.01909,0.86394,0.07291,-0.08224
0.043457,-1.14906,0.91947,-0.11940,-0.34898
0.043701,-1.23228,0.60561,0.06219,-0.56449
0.043945,-1.25551,0.24529,-0.02353,-1.03375
0.044189,-1.21003,0.04484,-0.17796,-1.34316
0.044434,-1.09280,-0.07395,0.05435,-1.11239
0.044678,-0.90702,-0.31089,-0.00543,-1.22334
0.044922,-0.66210,-0.68716,-0.08943,-1.43869
0.045166,-0.37285,-0.94737,0.06275,-1.25747
0.045410,-0.05827,-0.78793,0.05857,-0.78763
0.045654,0.26030,-0.18347,-0.06930,0.00753
0.045898,0.56112,0.53247,0.04804,1.14163
0.046143,0.82413,0.93236,0.12181,1.87829
0.046387,1.03281,0.85153,-0.08552,1.79882
0.046631,1.17567,0.48907,0.04571,1.71045
0.046875,1.24722,0.16729,0.00033,1.41484
0.047119,1.24824,0.01047,0.27192,1.53063
0.047363,1.18550,-0.12540,-0.22348,0.83662
0.047607,1.07078,-0.41523,0.08343,0.73898
0.047852,0.91938,-0.79258,-0.03675,0.09005
0.048096,0.74836,-0.95252,-0.01202,-0.21619
0.048340,0.57459,-0.64545,0.22819,0.15734
0.048584,0.41297,0.03865,-0.00103,0.45058
0.048828,0.27479,0.69919,0.26891,1.24290
0.049072,0.16674,0.95553,-0.05306,1.06921
0.049316,0.09038,0.75780,0.04206,0.89024
0.049561,0.04223,0.37772,-0.05890,0.36105
0.049805,0.01456,0.10598,-0.08288,0.03766
0.050049,-0.00339,-0.02180,0.00750,-0.01770
0.050293,-0.02381,-0.19236,-0.03391,-0.25008
0.050537,-0.05851,-0.52921,0.02430,-0.56343
0.050781,-0.11724,-0.87843,-0.25260,-1.24827
0.051025,-0.20613,-0.91383,0.24030,-0.87967
0.051270,-0.32671,-0.46728,-0.02004,-0.81402
0.051514,-0.47534,0.25853,0.20915,-0.00767
0.051758,-0.64341,0.82768,-0.12085,0.06341
0.052002,-0.81801,0.93614,0.03510,0.15324
0.052246,-0.98327,0.64789,0.37979,0.04441
0.052490,-1.12199,0.27798,-0.10437,-0.94838
0.052734,-1.21759,0.05914,-0.17944,-1.33789
0.052979,-1.25598,-0.05835,-0.06558,-1.37992
0.053223,-1.22725,-0.27621,0.05670,-1.44675
0.053467,-1.12692,-0.64568,0.08320,-1.68940
0.053711,-0.95672,-0.93539,0.15484,-1.73726
0.053955,-0.72462,-0.82973,-0.03084,-1.58519
0.054199,-0.44427,-0.26265,-0.19227,-0.89919
0.054443,-0.13380,0.46356,-0.05220,0.27755
0.054688,0.18581,0.91264,0.14883,1.24728
0.054932,0.49273,0.87982,0.05588,1.42843
0.055176,0.76633,0.53146,-0.23483,1.06295
0.055420,0.98909,0.19382,-0.00421,1.17870
0.055664,1.14824,0.02245,0.16778,1.33847
0.055908,1.23680,-0.10495,0.25519,1.38703
0.056152,1.25409,-0.37568,0.06740,0.94581
0.056396,1.20553,-0.75581,0.03712,0.48684
0.056641,1.10182,-0.95554,-0.14882,-0.00255
0.056885,0.95758,-0.70205,-0.10119,0.15434
0.057129,0.78963,-0.04294,0.00563,0.75233
0.057373,0.61508,0.64233,0.06038,1.31779
0.057617,0.44940,0.95220,0.06962,1.47123
0.057861,0.30490,0.79444,-0.05739,1.04195
0.058105,0.18940,0.41735,-0.13823,0.46852
0.058350,0.10568,0.12654,-0.09333,0.13888
0.058594,0.05141,-0.00985,-0.13884,-0.09727
0.058838,0.01979,-0.16596,0.07721,-0.06896
0.059082,0.00061,-0.48686,-0.27747,-0.76372
0.059326,-0.01811,-0.84994,-0.03999,-0.90804
0.059570,-0.04846,-0.93322,0.05399,-0.92769
0.059814,-0.10079,-0.53599,0.18264,-0.45414
0.060059,-0.18223,0.17926,0.00856,0.00558
0.060303,-0.29545,0.78557,0.12015,0.61027
0.060547,-0.43806,0.94786,-0.04788,0.46192
0.060791,-0.60256,0.68931,-0.08933,-0.00258
0.061035,-0.77696,0.31277,-0.08093,-0.54512
0.061279,-0.94596,0.07481,0.18328,-0.68787
0.061523,-1.09250,-0.04412,0.11931,-1.01731
0.061768,-1.19969,-0.24363,0.05849,-1.38484
0.062012,-1.25268,-0.60337,0.39963,-1.45641
0.062256,-1.24043,-0.91846,-0.00388,-2.16278
0.062500,-1.15711,-0.86569,0.07444,-1.94835
0.062744,-1.00293,-0.33980,0.03691,-1.30582
0.062988,-0.78443,0.39112,-0.02663,-0.41993
0.063232,-0.51398,0.88684,0.27794,0.65079
0.063477,-0.20882,0.90423,0.18079,0.87620
0.063721,0.11060,0.57417,-0.16794,0.51683
0.063965,0.42246,0.22262,-0.04798,0.59710
0.064209,0.70566,0.03502,0.05140,0.79208
0.064453,0.94179,-0.08645,0.09398,0.94933
0.064697,1.11684,-0.33771,-0.16181,0.61731
0.064941,1.22238,-0.71691,-0.27067,0.23480
0.065186,1.25625,-0.95286,-0.22876,0.07462
0.065430,1.22246,-0.75350,-0.00853,0.46043
0.065674,1.13059,-0.12418,-0.01238,0.99402
0.065918,0.99446,0.58070,0.04143,1.61658
0.066162,0.83055,0.94299,-0.09236,1.68118
0.066406,0.65607,0.82844,-0.14691,1.33760
0.066650,0.48704,0.45828,-0.24277,0.70256
0.066895,0.33665,0.14919,0.03950,0.52534
0.067139,0.21384,0.00184,0.04441,0.26009
0.067383,0.12264,-0.14180,0.11916,0.09999
0.067627,0.06188,-0.44523,0.09490,-0.28846
0.067871,0.02572,-0.81802,-0.02289,-0.81519
0.068115,0.00464,-0.94655,0.16191,-0.77999
0.068359,-0.01307,-0.60065,-0.01636,-0.63008
0.068604,-0.03964,0.09860,-0.07930,-0.02034
0.068848,-0.08600,0.73783,-0.06247,0.58936
0.069092,-0.16014,0.95431,-0.07018,0.72400
0.069336,-0.26587,0.72940,-0.25989,0.20364
0.069580,-0.40202,0.34952,0.01876,-0.03374
0.069824,-0.56227,0.09209,0.02999,-0.44019
0.070068,-0.73562,-0.03097,-0.04347,-0.81005
0.070312,-0.90739,-0.21328,-0.08566,-1.20633
0.070557,-1.06081,-0.56067,0.04462,-1.57686
0.070801,-1.17875,-0.89697,0.20602,-1.86969
0.071045,-1.24571,-0.89564,0.00459,-2.13676
0.071289,-1.24962,-0.41435,-0.06092,-1.72488
0.071533,-1.18331,0.31569,-0.07097,-0.93859
0.071777,-1.04552,0.85497,-0.00837,-0.19892
0.072021,-0.84131,0.92432,-0.15177,-0.06876
0.072266,-0.58175,0.61679,-0.01503,0.02001
0.072510,-0.28303,0.25368,0.00734,-0.02201
0.072754,0.03497,0.04848,0.22136,0.30481
0.072998,0.35058,-0.06970,0.11322,0.39410
0.073242,0.64235,-0.30157,0.12408,0.46486
0.073486,0.89106,-0.67635,-0.08555,0.12915
0.073730,1.08152,-0.94472,0.08039,0.21720
0.073975,1.20393,-0.79949,-0.13673,0.26771
0.074219,1.25459,-0.20447,0.03744,1.08756
0.074463,1.23613,0.51470,0.05025,1.80108
0.074707,1.15687,0.92776,-0.09197,1.99266
0.074951,1.02978,0.85933,0.23993,2.12903
0.075195,0.87088,0.50017,0.06808,1.43914
0.075439,0.69738,0.17405,-0.22833,0.64310
0.075684,0.52574,0.01358,0.06634,0.60567
0.075928,0.36996,-0.11983,-0.04889,0.20124
0.076172,0.24008,-0.40469,0.00017,-0.16444
0.076416,0.14132,-0.78314,0.05589,-0.58592
0.076660,0.07373,-0.95388,0.04686,-0.83329
0.076904,0.03250,-0.66082,-0.24470,-0.87302
0.077148,0.00886,0.01718,-0.13900,-0.11295
0.077393,-0.00853,0.68471,0.09271,0.76890
0.077637,-0.03194,0.95521,0.15614,1.07941
0.077881,-0.07277,0.76768,0.22838,0.92329
0.078125,-0.13982,0.38801,0.21638,0.46457
0.078369,-0.23800,0.11119,-0.24666,-0.37347
0.078613,-0.36734,-0.01862,0.09234,-0.29362
0.078857,-0.52273,-0.18519,-0.22995,-0.93788
0.079102,-0.69419,-0.51802,0.19363,-1.01858
0.079346,-0.86781,-0.87129,0.03040,-1.70869
0.079590,-1.02712,-0.91953,-0.13694,-2.08359
0.079834,-1.15494,-0.48572,0.24119,-1.39947
0.080078,-1.23519,0.23784,0.07728,-0.92008
0.080322,-1.25486,0.81715,-0.22694,-0.66464
0.080566,-1.20549,0.93972,0.03522,-0.23055
0.080811,-1.08438,0.65889,-0.08774,-0.51322
0.081055,-0.89508,0.28694,0.01336,-0.59479
0.081299,-0.64731,0.06312,-0.05582,-0.64001
0.081543,-0.35616,-0.05449,0.16482,-0.24583
0.081787,-0.04080,-0.26742,-0.17079,-0.47901
0.082031,0.27736,-0.63461,0.03809,-0.31916
0.082275,0.57661,-0.93140,0.21770,-0.13709
0.082520,0.83704,-0.83977,-0.09924,-0.10196
0.082764,1.04238,-0.28317,0.02528,0.78448
0.083008,1.18143,0.44482,0.02424,1.65049
0.083252,1.24905,0.90644,-0.08276,2.07273
0.083496,1.24637,0.88664,0.07775,2.21076
0.083740,1.18046,0.54268,0.01165,1.73479
0.083984,1.06332,0.20118,-0.11325,1.15124
0.084229,0.91040,0.02569,0.21144,1.14753
0.084473,0.73880,-0.09990,0.09499,0.73389
0.084717,0.56535,-0.36552,-0.02005,0.17977
0.084961,0.40474,-0.74576,-0.07640,-0.41742
0.085205,0.26808,-0.95538,-0.09412,-0.78142
0.085449,0.16177,-0.71610,0.14771,-0.40662
0.085693,0.08708,-0.06438,-0.01758,0.00512
0.085938,0.04028,0.62656,0.05513,0.72197
0.086182,0.01344,0.95036,-0.02213,0.94166
0.086426,-0.00433,0.80367,0.07397,0.87331
0.086670,-0.02523,0.42801,-0.01392,0.38886
0.086914,-0.06102,0.13229,0.09166,0.16293
0.087158,-0.12127,-0.00676,-0.02199,-0.15002
0.087402,-0.21190,-0.15939,0.09955,-0.27174
0.087646,-0.33415,-0.47582,0.08069,-0.72928
0.087891,-0.48411,-0.84185,-0.01399,-1.33995
0.088135,-0.65290,-0.93732,-0.10317,-1.69339
0.088379,-0.82742,-0.55342,-0.11281,-1.49365
0.088623,-0.99167,0.15814,-0.08889,-0.92242
0.088867,-1.12846,0.77354,-0.11814,-0.47306
0.089111,-1.22127,0.95008,0.10390,-0.16730
0.089355,-1.25621,0.70000,-0.00559,-0.56180
0.089600,-1.22363,0.32226,0.18841,-0.71296
0.089844,-1.11939,0.07919,0.27352,-0.76668
0.090088,-0.94556,-0.04056,0.00291,-0.98321
0.090332,-0.71042,-0.23543,-0.18576,-1.13161
0.090576,-0.42793,-0.59215,-0.04577,-1.06585
0.090820,-0.11641,-0.91324,-0.00904,-1.03868
0.091064,0.20307,-0.87415,-0.17861,-0.84970
0.091309,0.50869,-0.35970,-0.03006,0.11893
0.091553,0.77993,0.37154,0.03443,1.18590
0.091797,0.99950,0.87904,-0.05513,1.82341
0.092041,1.15493,0.90995,-0.09221,1.97266
0.092285,1.23956,0.58541,-0.09105,1.73392
0.092529,1.25307,0.23058,0.21440,1.69805
0.092773,1.20118,0.03846,-0.01916,1.22049
0.093018,1.09485,-0.08188,-0.09959,0.91338
0.093262,0.94888,-0.32802,-0.04475,0.57611
0.093506,0.78013,-0.70638,0.11452,0.18828
0.093750,0.60568,-0.95124,-0.08216,-0.42772
0.093994,0.44088,-0.76614,0.05782,-0.26743
0.094238,0.29780,-0.14543,0.08735,0.23972
0.094482,0.18401,0.56373,0.08989,0.83764
0.094727,0.10200,0.93957,0.16796,1.20953
0.094971,0.04918,0.83689,-0.06606,0.82002
0.095215,0.01852,0.46922,0.13593,0.62367
0.095459,-0.00031,0.15552,-0.09514,0.06007
0.095703,-0.01936,0.00491,-0.04758,-0.06203
0.095947,-0.05066,-0.13581,0.14353,-0.04295
0.096191,-0.10444,-0.43445,0.09869,-0.44020
0.096436,-0.18759,-0.80911,0.00025,-0.99645
0.096680,-0.30252,-0.94905,-0.14297,-1.39454
0.096924,-0.44656,-0.61694,0.06740,-0.99610
0.097168,-0.61194,0.07722,-0.07564,-0.61036
0.097412,-0.78647,0.72436,-0.11087,-0.17298
0.097656,-0.95469,0.95509,-0.07778,-0.07737
0.097900,-1.09951,0.73966,0.02958,-0.33027
0.098145,-1.20410,0.35949,-0.25452,-1.09914
0.098389,-1.25377,0.09694,0.04329,-1.11355
0.098633,-1.23774,-0.02765,0.02087,-1.24453
0.098877,-1.15049,-0.20567,-0.07014,-1.42630
0.099121,-0.99258,-0.54942,0.12443,-1.41757
0.099365,-0.77088,-0.89060,0.07337,-1.58810
0.099609,-0.49806,-0.90252,-0.07275,-1.47333
0.099854,-0.19157,-0.43346,-0.08040,-0.70543
0.100098,0.12801,0.29542,0.08342,0.50684
0.100342,0.43883,0.84559,-0.18193,1.10249
0.100586,0.71990,0.92884,-0.03991,1.60883
0.100830,0.95302,0.62794,-0.07573,1.50523
0.101074,1.12443,0.26223,0.00839,1.39505
0.101318,1.22607,0.05221,0.02534,1.30361
0.101562,1.25608,-0.06556,0.00441,1.19494
0.101807,1.21884,-0.29238,0.13618,1.06264
0.102051,1.12416,-0.66546,0.02737,0.48607
0.102295,0.98608,-0.94170,-0.03780,0.00658
0.102539,0.82115,-0.81065,-0.14530,-0.13480
0.102783,0.64657,-0.22536,0.08662,0.50783
0.103027,0.47826,0.49667,0.06338,1.03831
0.103271,0.32918,0.92274,0.17410,1.42601
0.103516,0.20804,0.86688,-0.08969,0.98523
0.103760,0.11857,0.51131,0.00317,0.63306
0.104004,0.05934,0.18097,-0.00704,0.23327
0.104248,0.02428,0.01672,-0.01051,0.03048
0.104492,0.00370,-0.11439,0.00125,-0.10944
0.104736,-0.01418,-0.39423,-0.20574,-0.61416
0.104980,-0.04157,-0.77352,0.09900,-0.71610
0.105225,-0.08927,-0.95484,0.07838,-0.96572
0.105469,-0.16508,-0.67586,0.13566,-0.70528
0.105713,-0.27254,-0.00430,0.26995,-0.00689
0.105957,-0.41022,0.66989,-0.03828,0.22139
0.106201,-0.57151,0.95450,-0.00434,0.37866
0.106445,-0.74517,0.77739,0.00117,0.03339
0.106689,-0.91639,0.39840,0.23306,-0.28493
0.106934,-1.06831,0.11655,-0.20775,-1.15951
0.107178,-1.18384,-0.01546,0.05829,-1.14101
0.107422,-1.24764,-0.17818,-0.17650,-1.60232
0.107666,-1.24785,-0.50685,-0.30979,-2.06449
0.107910,-1.17762,-0.86389,-0.24250,-2.28400
0.108154,-1.03602,-0.92480,-0.16581,-2.12663
0.108398,-0.82845,-0.50392,0.12828,-1.20408
0.108643,-0.56630,0.21702,-0.10420,-0.45348
0.108887,-0.26599,0.80623,-0.02729,0.51294
0.109131,0.05245,0.94295,-0.13962,0.85577
0.109375,0.36730,0.66982,0.07331,1.11044
0.109619,0.65718,0.29604,-0.13224,0.82098
0.109863,0.90306,0.06720,0.15812,1.12838
0.110107,1.09001,-0.05071,-0.11917,0.92013
0.110352,1.20854,-0.25879,-0.09178,0.85797
0.110596,1.25532,-0.62348,0.01473,0.64656
0.110840,1.23327,-0.92707,0.00297,0.30916
0.111084,1.15103,-0.84939,0.17096,0.47260
0.111328,1.02178,-0.30355,0.01445,0.73268
0.111572,0.86164,0.42584,-0.14494,1.14254
0.111816,0.68783,0.89982,-0.06724,1.52041
0.112061,0.51673,0.89318,-0.06873,1.34117
0.112305,0.36214,0.55392,0.08701,1.00306
0.112549,0.23387,0.20869,0.04606,0.48862
0.112793,0.13686,0.02897,-0.01433,0.15150
0.113037,0.07087,-0.09498,0.10435,0.08024
0.113281,0.03085,-0.35548,-0.06342,-0.38805
0.113525,0.00787,-0.73557,-0.01635,-0.74405
0.113770,-0.00954,-0.95483,0.02169,-0.94268
0.114014,-0.03363,-0.72979,0.18338,-0.58004
0.114258,-0.07569,-0.08578,-0.01182,-0.17329
0.114502,-0.14435,0.61046,-0.04210,0.42401
0.114746,-0.24428,0.94810,-0.12550,0.57832
0.114990,-0.37522,0.81270,0.08233,0.51981
0.115234,-0.53178,0.43875,-0.07052,-0.16355
0.115479,-0.70375,0.13819,0.04124,-0.52431
0.115723,-0.87702,-0.00368,-0.22819,-1.10890
0.115967,-1.03506,-0.15297,0.12518,-1.06285
0.116211,-1.16068,-0.46484,-0.15983,-1.78534
0.116455,-1.23793,-0.83354,-0.09328,-2.16475
0.116699,-1.25400,-0.94099,0.12703,-2.06795
0.116943,-1.20073,-0.57055,-0.16014,-1.93142
0.117188,-1.07575,0.13694,-0.00953,-0.94834
0.117432,-0.88296,0.76113,0.00891,-0.11292
0.117676,-0.63238,0.95193,-0.11983,0.19972
0.117920,-0.33940,0.71060,0.16115,0.53236
0.118164,-0.02332,0.33188,0.17985,0.48842
0.118408,0.29436,0.08369,-0.23659,0.14146
0.118652,0.59198,-0.03708,-0.17388,0.38103
0.118896,0.84979,-0.22738,0.09699,0.71940
0.119141,1.05175,-0.58091,-0.15636,0.31447
0.119385,1.18698,-0.90770,-0.04664,0.23265
0.119629,1.25068,-0.88221,0.01555,0.38402
0.119873,1.24432,-0.37940,0.08302,0.94794
0.120117,1.17527,0.35176,-0.02679,1.50024
0.120361,1.05575,0.87082,0.01143,1.93799
0.120605,0.90136,0.91536,-0.09321,1.72352
0.120850,0.72924,0.59664,0.15508,1.48096
0.121094,0.55613,0.23869,-0.05944,0.73539
0.121338,0.39659,0.04198,0.04077,0.47933
0.121582,0.26147,-0.07743,-0.06140,0.12264
0.121826,0.15690,-0.31845,0.01276,-0.14879
0.122070,0.08386,-0.69574,-0.02018,-0.63206
0.122314,0.03839,-0.94924,-0.01950,-0.93035
0.122559,0.01234,-0.77840,-0.12165,-0.88771
0.122803,-0.00528,-0.16660,0.09557,-0.07631
0.123047,-0.02670,0.54648,0.16969,0.68946
0.123291,-0.06361,0.93573,0.02918,0.90130
0.123535,-0.12540,0.84511,0.08788,0.80759
0.123779,-0.21777,0.48023,0.10057,0.36303
0.124023,-0.34167,0.16200,0.11136,-0.06832
0.124268,-0.49293,0.00799,0.03640,-0.44854
0.124512,-0.66241,-0.12997,0.02547,-0.76691
0.124756,-0.83680,-0.42374,0.10368,-1.15686
0.125000,-1.00000,-0.80000,0.00826,-1.79174
0.125244,-1.13480,-0.95115,-0.11687,-2.20281
0.125488,-1.22478,-0.63291,0.00286,-1.85483
0.125732,-1.25624,0.05580,-0.22661,-1.42705
0.125977,-1.21980,0.71052,-0.00071,-0.50999
0.126221,-1.11166,0.95549,0.04960,-0.10656
0.126465,-0.93421,0.74980,0.14832,-0.03609
0.126709,-0.69609,0.36957,0.01815,-0.30836
0.126953,-0.41150,0.10191,0.11138,-0.19822
0.127197,-0.09899,-0.02439,-0.00006,-0.12344
0.127441,0.22029,-0.19821,-0.12282,-0.10074
0.127686,0.52454,-0.53819,-0.16937,-0.18301
0.127930,0.79337,-0.88395,-0.11637,-0.20694
0.128174,1.00972,-0.90897,-0.16394,-0.06319
0.128418,1.16140,-0.45234,0.07604,0.78510
0.128662,1.24210,0.27498,-0.02491,1.49217
0.128906,1.25184,0.83580,0.06844,2.15608
0.129150,1.19666,0.93303,0.00881,2.13851
0.129395,1.08776,0.63904,0.12529,1.85209
0.129639,0.94010,0.27092,0.12722,1.33824
0.129883,0.77061,0.05602,-0.07744,0.74920
0.130127,0.59632,-0.06152,-0.03292,0.50188
0.130371,0.43243,-0.28334,-0.06394,0.08515
0.130615,0.29079,-0.65450,-0.19456,-0.55826
0.130859,0.17872,-0.93833,0.08103,-0.67859
0.131104,0.09841,-0.82141,0.14266,-0.58034
0.131348,0.04702,-0.24613,-0.00077,-0.19988
0.131592,0.01730,0.47838,-0.05918,0.43649
0.131836,-0.00123,0.91730,0.13091,1.04698
0.132080,-0.02065,0.87417,-0.28140,0.57213
0.132324,-0.05294,0.52249,0.02130,0.49085
0.132568,-0.10818,0.18804,0.01719,0.09706
0.132812,-0.19304,0.01989,-0.06850,-0.24166
0.133057,-0.30968,-0.10909,0.16699,-0.25178
0.133301,-0.45512,-0.38388,0.11649,-0.72252
0.133545,-0.62135,-0.76375,-0.03134,-1.41644
0.133789,-0.79596,-0.95539,-0.01040,-1.76175
0.134033,-0.96335,-0.69055,-0.04656,-1.70046
0.134277,-1.10640,-0.02577,-0.06145,-1.19362
0.134521,-1.20834,0.65471,-0.15698,-0.71061
0.134766,-1.25467,0.95339,0.16559,-0.13569
0.135010,-1.23484,0.78693,0.12336,-0.32455
0.135254,-1.14367,0.40889,0.09578,-0.63899
0.135498,-0.98204,0.12204,-0.13132,-0.99133
0.135742,-0.75717,-0.01233,0.24970,-0.51981
0.135986,-0.48203,-0.17133,0.23762,-0.41574
0.136230,-0.17428,-0.49573,0.02257,-0.64744
0.136475,0.14538,-0.85623,-0.10851,-0.81936
0.136719,0.45511,-0.92965,-0.10397,-0.57851
0.136963,0.73400,-0.52184,0.05023,0.26239
0.137207,0.96406,0.19608,-0.10956,1.05058
0.137451,1.13182,0.79491,-0.00411,1.92263
0.137695,1.22954,0.94582,0.13064,2.30600
0.137939,1.25572,0.68068,-0.18082,1.75558
0.138184,1.21504,0.30528,0.24069,1.76101
0.138428,1.11761,0.07139,0.18801,1.37700
0.138672,0.97762,-0.04701,-0.14845,0.78215
0.138916,0.81173,-0.25031,-0.16964,0.39178
0.139160,0.63710,-0.61232,-0.03401,-0.00923
0.139404,0.46953,-0.92242,-0.12374,-0.57663
0.139648,0.32179,-0.85861,-0.03165,-0.56846
0.139893,0.20234,-0.32376,-0.30974,-0.43116
0.140137,0.11460,0.40664,-0.02744,0.49379
0.140381,0.05688,0.89278,0.21634,1.16600
0.140625,0.02288,0.89943,-0.13399,0.78832
0.140869,0.00277,0.56517,-0.03277,0.53517
0.141113,-0.01532,0.21637,-0.17875,0.02229
0.141357,-0.04356,0.03231,0.07659,0.06533
0.141602,-0.09263,-0.09019,-0.02704,-0.20986
0.141846,-0.17011,-0.34556,0.23289,-0.28279
0.142090,-0.27931,-0.72525,0.02482,-0.97974
0.142334,-0.41849,-0.95389,-0.04466,-1.41704
0.142578,-0.58078,-0.74311,0.06603,-1.25786
0.142822,-0.75472,-0.10714,-0.06075,-0.92261
0.143066,-0.92533,0.59405,-0.16072,-0.49200
0.143311,-1.07570,0.94543,0.03623,-0.09404
0.143555,-1.18878,0.82153,-0.02098,-0.38824
0.143799,-1.24938,0.44957,0.01996,-0.77985
0.144043,-1.24587,0.14424,0.04505,-1.05657
0.144287,-1.17171,-0.00061,-0.06124,-1.23357
0.144531,-1.02632,-0.14671,0.05059,-1.12244
0.144775,-0.81543,-0.45392,0.20852,-1.06083
0.145020,-0.55073,-0.82500,-0.13294,-1.50867
0.145264,-0.24890,-0.94424,0.20849,-0.98465
0.145508,0.06991,-0.58740,-0.02914,-0.54662
0.145752,0.38394,0.11567,-0.09200,0.40761
0.145996,0.67188,0.74833,0.29127,1.71148
0.146240,0.91489,0.95340,0.01860,1.88690
0.146484,1.09830,0.72109,0.16445,1.98384
0.146729,1.21294,0.34163,0.09811,1.65268
0.146973,1.25583,0.08831,-0.20167,1.14247
0.147217,1.23024,-0.03366,0.01450,1.21107
0.147461,1.14506,-0.21948,-0.06304,0.86254
0.147705,1.01369,-0.56967,-0.16102,0.28300
0.147949,0.85235,-0.90185,-0.21261,-0.26210
0.148193,0.67828,-0.88984,0.01227,-0.19928
0.148438,0.50776,-0.39890,0.07083,0.17969
0.148682,0.35440,0.33180,0.04688,0.73307
0.148926,0.22775,0.86218,-0.03670,1.05323
0.149170,0.13248,0.92047,-0.09582,0.95713
0.149414,0.06808,0.60785,-0.11842,0.55750
0.149658,0.02925,0.24696,-0.06662,0.20959
0.149902,0.00688,0.04556,-0.12397,-0.07152
0.150146,-0.01057,-0.07309,-0.02439,-0.10806
0.150391,-0.03537,-0.30901,-0.00275,-0.34713
0.150635,-0.07868,-0.68500,-0.10752,-0.87120
0.150879,-0.14898,-0.94687,-0.02785,-1.12370
0.151123,-0.25065,-0.79027,-0.09124,-1.13215
0.151367,-0.38317,-0.18768,-0.00054,-0.57138
0.151611,-0.54088,0.52894,0.06085,0.04891
0.151855,-0.71331,0.93147,0.02138,0.23954
0.152100,-0.88619,0.85311,0.05666,0.02357
0.152344,-1.04290,0.49129,-0.19824,-0.74986
0.152588,-1.16627,0.16863,-0.04544,-1.04308
0.152832,-1.24048,0.01109,0.03321,-1.19618
0.153076,-1.25293,-0.12428,0.07694,-1.30026
0.153320,-1.19575,-0.41312,-0.19176,-1.80063
0.153564,-1.06691,-0.79070,0.01910,-1.83852
0.153809,-0.87066,-0.95283,0.14477,-1.67872
0.154053,-0.61734,-0.64855,-0.02143,-1.28732
0.154297,-0.32256,0.03435,-0.01137,-0.29958
0.154541,-0.00583,0.69633,0.05405,0.74455
0.154785,0.31130,0.95550,0.02965,1.29645
0.155029,0.60724,0.75979,0.08096,1.44798
0.155273,0.86237,0.37977,0.00869,1.25083
0.155518,1.06091,0.10701,0.01830,1.18623
0.155762,1.19232,-0.02116,-0.09389,1.07726
0.156006,1.25210,-0.19092,-0.02045,1.04073
0.156250,1.24208,-0.52697,0.15037,0.86548
0.156494,1.16992,-0.87702,-0.02450,0.26840
0.156738,1.04808,-0.91501,-0.02023,0.11284
0.156982,0.89228,-0.47099,-0.05898,0.36231
0.157227,0.71968,0.25440,0.09446,1.06854
0.157471,0.54697,0.82560,-0.10256,1.27001
0.157715,0.38851,0.93689,0.10926,1.43466
0.157959,0.25494,0.65009,-0.11244,0.79260
0.158203,0.15211,0.27976,-0.12693,0.30494
0.158447,0.08073,0.05993,0.02471,0.16537
0.158691,0.03656,-0.05757,0.01562,-0.00540
0.158936,0.01127,-0.27444,0.03571,-0.22746
0.159180,-0.00624,-0.64347,0.12750,-0.52220
0.159424,-0.02822,-0.93462,-0.04950,-1.01233
0.159668,-0.06627,-0.83177,0.05316,-0.84488
0.159912,-0.12962,-0.26677,-0.10918,-0.50556
0.160156,-0.22373,0.45983,0.15110,0.38720
0.160400,-0.34928,0.91144,0.07590,0.63805
0.160645,-0.50181,0.88121,0.06438,0.44378
0.160889,-0.67193,0.53370,0.02255,-0.11568
0.161133,-0.84614,0.19528,-0.09427,-0.74514
0.161377,-1.00824,0.02309,-0.03928,-1.02443
0.161621,-1.14100,-0.10393,0.06021,-1.18472
0.161865,-1.22811,-0.37364,-0.00230,-1.60405
0.162109,-1.25606,-0.75381,0.01485,-1.99503
0.162354,-1.21576,-0.95554,-0.16318,-2.33448
0.162598,-1.10371,-0.70489,0.02173,-1.78687
0.162842,-0.92268,-0.04723,-0.08303,-1.05293
0.163086,-0.68161,0.63920,-0.13000,-0.17241
0.163330,-0.39499,0.95187,-0.01856,0.53831
0.163574,-0.08155,0.79630,-0.22278,0.49198
0.163818,0.23747,0.41948,0.08383,0.74078
0.164062,0.54029,0.12768,0.10224,0.77021
0.164307,0.80666,-0.00923,-0.00641,0.79102
0.164551,1.01975,-0.16463,-0.11925,0.73586
0.164795,1.16766,-0.48465,-0.11344,0.56957
0.165039,1.24444,-0.84834,-0.01813,0.37796
0.165283,1.25043,-0.93408,-0.29085,0.02550
0.165527,1.19199,-0.53950,0.02166,0.67415
0.165771,1.08056,0.17504,0.07973,1.33534
0.166016,0.93126,0.78319,-0.03743,1.67703
0.166260,0.76108,0.94834,-0.05933,1.65009
0.166504,0.58698,0.69145,0.02184,1.30027
0.166748,0.42404,0.31466,0.04208,0.78078
0.166992,0.28387,0.07568,0.13130,0.49085
0.167236,0.17352,-0.04340,0.00221,0.13233
0.167480,0.09491,-0.24198,-0.08277,-0.22984
0.167725,0.04493,-0.60112,-0.05535,-0.61155
0.167969,0.01610,-0.91744,0.02183,-0.87951
0.168213,-0.00215,-0.86741,0.18674,-0.68282
0.168457,-0.02198,-0.34380,-0.03843,-0.40421
0.168701,-0.05528,0.38722,-0.12630,0.20564
0.168945,-0.11200,0.88531,-0.10441,0.66890
0.169189,-0.19859,0.90539,-0.25156,0.45525
0.169434,-0.31692,0.57642,0.03958,0.29907
0.169678,-0.46375,0.22420,-0.16336,-0.40291
0.169922,-0.63079,0.03570,-0.14802,-0.74311
0.170166,-0.80543,-0.08552,-0.23712,-1.12807
0.170410,-0.97194,-0.33576,-0.13416,-1.44186
0.170654,-1.11316,-0.71481,0.06821,-1.75977
0.170898,-1.21242,-0.95257,-0.15736,-2.32235
0.171143,-1.25536,-0.75606,-0.20996,-2.22138
0.171387,-1.23173,-0.12844,0.02139,-1.33878
0.171631,-1.13663,0.57733,-0.04094,-0.60024
0.171875,-0.97132,0.94234,0.05186,0.02289
0.172119,-0.74332,0.83015,0.08887,0.17570
0.172363,-0.46591,0.46046,-0.00102,-0.00647
0.172607,-0.15695,0.15045,-0.15573,-0.16224
0.172852,0.16273,0.00245,-0.01486,0.15033
0.173096,0.47130,-0.14059,0.06003,0.39073
0.173340,0.74795,-0.44307,-0.06996,0.23493
0.173584,0.97491,-0.81625,-0.17250,-0.01384
0.173828,1.13900,-0.94708,0.13231,0.32423
0.174072,1.23279,-0.60393,-0.04983,0.57903
0.174316,1.25515,0.09433,-0.04911,1.30038
0.174561,1.21108,0.73516,0.00192,1.94816
0.174805,1.11092,0.95450,0.12366,2.18908
0.175049,0.96908,0.73146,0.03163,1.73217
0.175293,0.80227,0.35150,-0.03999,1.11379
0.175537,0.62764,0.09305,0.08186,0.80255
0.175781,0.46086,-0.03030,0.25764,0.68821
0.176025,0.31449,-0.21174,0.16653,0.26928
0.176270,0.19673,-0.55842,0.08074,-0.28095
0.176514,0.11071,-0.89572,-0.13467,-0.91967
0.176758,0.05449,-0.89705,0.45025,-0.39232
0.177002,0.02153,-0.41819,-0.14384,-0.54050
0.177246,0.00184,0.31165,-0.04462,0.26888
0.177490,-0.01650,0.85313,-0.08399,0.75265
0.177734,-0.04562,0.92525,0.19523,1.07486
0.177979,-0.09607,0.61902,0.05043,0.57338
0.178223,-0.17524,0.25538,-0.17125,-0.09112
0.178467,-0.28617,0.04922,0.03211,-0.20484
0.178711,-0.42683,-0.06886,0.06563,-0.43006
0.178955,-0.59009,-0.29972,-0.03822,-0.92803
0.179199,-0.76426,-0.67418,-0.14642,-1.58486
0.179443,-0.93422,-0.94414,-0.08700,-1.96536
0.179688,-1.08298,-0.80175,-0.05242,-1.93715
0.179932,-1.19356,-0.20866,0.00273,-1.39949
0.180176,-1.25092,0.51112,-0.06239,-0.80219
0.180420,-1.24368,0.92679,0.08823,-0.22867
0.180664,-1.16560,0.86086,-0.11399,-0.41873
0.180908,-1.01643,0.50240,-0.20777,-0.72180
0.181152,-0.80225,0.17542,-0.08873,-0.71555
0.181396,-0.53505,0.01421,0.16187,-0.35898
0.181641,-0.23175,-0.11873,-0.06878,-0.41926
0.181885,0.08736,-0.40259,0.28090,-0.03433
0.182129,0.40050,-0.78123,0.05898,-0.32175
0.182373,0.68645,-0.95411,-0.13973,-0.40739
0.182617,0.92654,-0.66386,-0.10011,0.16257
0.182861,1.10638,0.01289,0.02920,1.14847
0.183105,1.21713,0.68178,-0.14132,1.75759
0.183350,1.25615,0.95510,0.28495,2.49620
0.183594,1.22702,0.76963,-0.11891,1.87775
0.183838,1.13895,0.39008,0.08171,1.61074
0.184082,1.00550,0.11225,0.17522,1.29297
0.184326,0.84303,-0.01798,-0.01310,0.81195
0.184570,0.66875,-0.18378,-0.11950,0.36547
0.184814,0.49885,-0.51578,-0.03277,-0.04970
0.185059,0.34673,-0.86983,0.04347,-0.47963
0.185303,0.22173,-0.92062,0.10509,-0.59380
0.185547,0.12820,-0.48938,0.00681,-0.35438
0.185791,0.06537,0.23368,-0.16803,0.13103
0.186035,0.02771,0.81500,0.00508,0.84779
0.186279,0.00591,0.94040,-0.08080,0.86551
0.186523,-0.01163,0.66108,-0.26199,0.38747
0.186768,-0.03716,0.28875,-0.08371,0.16788
0.187012,-0.08176,0.06393,-0.17189,-0.18973
0.187256,-0.15370,-0.05372,0.07042,-0.13700
0.187500,-0.25711,-0.26569,0.23330,-0.28949
0.187744,-0.39120,-0.63239,0.22305,-0.80053
0.187988,-0.55002,-0.93056,-0.06879,-1.54936
0.188232,-0.72287,-0.84173,-0.05609,-1.62068
0.188477,-0.89531,-0.28726,0.08265,-1.09992
0.188721,-1.05064,0.44104,0.12735,-0.48225
0.188965,-1.17172,0.90515,-0.05025,-0.31681
0.189209,-1.24285,0.88797,-0.01712,-0.37199
0.189453,-1.25165,0.54493,0.26483,-0.44189
0.189697,-1.19056,0.20267,-0.01289,-1.00079
0.189941,-1.05788,0.02634,-0.05824,-1.08978
0.190186,-0.85819,-0.09891,0.01439,-0.94271
0.190430,-0.60216,-0.36351,0.06956,-0.89611
0.190674,-0.30566,-0.74373,-0.12260,-1.17199
0.190918,0.01166,-0.95530,-0.02981,-0.97345
0.191162,0.32818,-0.71887,-0.13996,-0.53065
0.191406,0.62237,-0.06866,-0.03339,0.52032
0.191650,0.87478,0.62336,0.22523,1.72337
0.191895,1.06988,0.94994,0.08901,2.10883
0.192139,1.19743,0.80549,-0.01111,1.99182
0.192383,1.25331,0.43015,-0.11197,1.57148
0.192627,1.23965,0.13346,-0.03737,1.33574
0.192871,1.16442,-0.00614,0.12609,1.28437
0.193115,1.04030,-0.15809,-0.06740,0.81481
0.193359,0.88314,-0.47362,0.17405,0.58357
0.193604,0.71012,-0.84021,-0.16484,-0.29492
0.193848,0.53784,-0.93808,-0.03481,-0.43505
0.194092,0.38051,-0.55687,0.20913,0.03278
0.194336,0.24851,0.15391,-0.24094,0.16148
0.194580,0.14743,0.77109,0.14261,1.06113
0.194824,0.07768,0.95048,-0.22217,0.80599
0.195068,0.03478,0.70213,-0.01081,0.72610
0.195312,0.01023,0.32417,-0.02070,0.31370
0.195557,-0.00721,0.08008,0.09892,0.17179
0.195801,-0.02978,-0.03986,-0.37855,-0.44819
0.196045,-0.06900,-0.23381,-0.23014,-0.53294
0.196289,-0.13393,-0.58990,-0.06792,-0.79175
0.196533,-0.22978,-0.91215,0.00443,-1.13751
0.196777,-0.35697,-0.87580,-0.10719,-1.33995
0.197021,-0.51074,-0.36365,-0.02650,-0.90090
0.197266,-0.68146,0.36760,-0.14234,-0.45620
0.197510,-0.85545,0.87743,-0.04815,-0.02618
0.197754,-1.01639,0.91106,-0.10161,-0.20695
0.197998,-1.14707,0.58766,0.02928,-0.53013
0.198242,-1.23127,0.23219,0.06977,-0.92931
0.198486,-1.25568,0.03916,0.17195,-1.04457
0.198730,-1.21150,-0.08098,-0.07877,-1.37125
0.198975,-1.09556,-0.32609,-0.03816,-1.45981
0.199219,-0.91097,-0.70426,0.00573,-1.60949
0.199463,-0.66700,-0.95087,-0.03539,-1.65325
0.199707,-0.37840,-0.76862,-0.00624,-1.15326
0.199951,-0.06409,-0.14967,-0.18746,-0.40122
0.200195,0.25460,0.56031,0.04461,0.85952
0.200439,0.55593,0.93883,-0.10982,1.38494
0.200684,0.81979,0.83855,-0.11484,1.54351
0.200928,1.02958,0.47142,-0.19058,1.31042
0.201172,1.17371,0.15680,0.13932,1.46983
0.201416,1.24656,0.00553,-0.01687,1.23521
0.201660,1.24882,-0.13463,0.13794,1.25212
0.201904,1.18715,-0.43230,0.03268,0.78753
0.202148,1.07325,-0.80730,-0.20440,0.06154
0.202393,0.92236,-0.94950,-0.13004,-0.15719
0.202637,0.75154,-0.62016,0.09095,0.22233
0.202881,0.57769,0.07294,-0.09188,0.55875
0.203125,0.41572,0.72162,-0.13084,1.00650
0.203369,0.27705,0.95521,-0.02153,1.21072
0.203613,0.16842,0.74170,-0.02124,0.88889
0.203857,0.09150,0.36149,-0.12142,0.33157
0.204102,0.04289,0.09792,-0.03914,0.10167
0.204346,0.01494,-0.02699,-0.05742,-0.06947
0.204590,-0.00308,-0.20416,-0.31080,-0.51804
0.204834,-0.02334,-0.54717,0.06032,-0.51020
0.205078,-0.05769,-0.88929,-0.09736,-1.04435
0.205322,-0.11591,-0.90384,0.15653,-0.86323
0.205566,-0.20423,-0.43725,-0.13801,-0.77950
0.205811,-0.32424,0.29134,-0.18955,-0.22245
0.206055,-0.47243,0.84367,0.14251,0.51375
0.206299,-0.64025,0.92971,-0.19021,0.09925
0.206543,-0.81487,0.63016,-0.07634,-0.26105
0.206787,-0.98045,0.26395,0.07168,-0.64481
0.207031,-1.11980,0.05297,-0.03956,-1.10640
0.207275,-1.21633,-0.06474,-0.19866,-1.47973
0.207520,-1.25586,-0.29056,0.02256,-1.52386
0.207764,-1.22840,-0.66327,-0.02332,-1.91499
0.208008,-1.12938,-0.94106,0.15406,-1.91637
0.208252,-0.96040,-0.81283,0.07064,-1.70260
0.208496,-0.72932,-0.22952,0.36429,-0.59456
0.208740,-0.44969,0.49303,-0.19751,-0.15417
0.208984,-0.13959,0.92169,-0.00260,0.77949
0.209229,0.18004,0.86836,-0.12800,0.92040
0.209473,0.48739,0.51355,0.13857,1.13950
0.209717,0.76176,0.18237,0.09862,1.04275
0.209961,0.98558,0.01735,0.09048,1.09341
0.210205,1.14597,-0.11332,-0.09328,0.93937
0.210449,1.23584,-0.39216,-0.08942,0.75426
0.210693,1.25439,-0.77158,-0.24356,0.23925
0.210938,1.20695,-0.95498,0.20514,0.45711
0.211182,1.10412,-0.67882,0.06099,0.48628
0.211426,0.96047,-0.00859,-0.03130,0.92058
0.211670,0.79280,0.66688,0.11202,1.57170
0.211914,0.61821,0.95431,0.09011,1.66263
0.212158,0.45226,0.77931,0.11703,1.34860
0.212402,0.30728,0.40049,-0.19482,0.51295
0.212646,0.19121,0.11763,-0.08566,0.22319
0.212891,0.10692,-0.01483,0.02345,0.11554
0.213135,0.05217,-0.17680,0.04265,-0.08198
0.213379,0.02022,-0.50462,0.11487,-0.36954
0.213623,0.00092,-0.86238,-0.12104,-0.98249
0.213867,-0.01770,-0.92580,0.01527,-0.92824
0.214111,-0.04774,-0.50752,0.26464,-0.29062
0.214355,-0.09960,0.21284,0.08303,0.19627
0.214600,-0.18047,0.80400,0.10447,0.72800
0.214844,-0.29312,0.94355,-0.00230,0.64813
0.215088,-0.43524,0.67200,0.09212,0.32888
0.215332,-0.59944,0.29787,0.21648,-0.08508
0.215576,-0.77379,0.06803,0.01280,-0.69296
0.215820,-0.94303,-0.04996,0.14688,-0.84612
0.216064,-1.09014,-0.25708,-0.10502,-1.45224
0.216309,-1.19819,-0.62125,0.07081,-1.74863
0.216553,-1.25227,-0.92617,0.10851,-2.06994
0.216797,-1.24128,-0.85127,-0.09024,-2.18279
0.217041,-1.15926,-0.30760,0.13177,-1.33509
0.217285,-1.00634,0.42202,-0.08103,-0.66535
0.217529,-0.78891,0.89845,-0.09663,0.01291
0.217773,-0.51927,0.89445,-0.00014,0.37504
0.218018,-0.21456,0.55617,0.23184,0.57345
0.218262,0.10480,0.21022,0.03710,0.35211
0.218506,0.41699,0.02963,0.11229,0.55891
0.218750,0.70088,-0.09401,-0.08782,0.51905
0.218994,0.93801,-0.35349,0.00930,0.59382
0.219238,1.11426,-0.73352,-0.14119,0.23955
0.219482,1.22110,-0.95467,-0.06853,0.19790
0.219727,1.25625,-0.73248,0.10028,0.62405
0.219971,1.22363,-0.09006,-0.00461,1.12897
0.220215,1.13270,0.60720,0.17416,1.91406
0.220459,0.99723,0.94760,-0.02429,1.92054
0.220703,0.83368,0.81448,-0.02375,1.62440
0.220947,0.65924,0.44091,0.15320,1.25335
0.221191,0.48999,0.13939,-0.07783,0.55154
0.221436,0.33915,-0.00307,-0.18237,0.15371
0.221680,0.21580,-0.15170,0.15615,0.22025
0.221924,0.12401,-0.46265,0.04970,-0.28893
0.222168,0.06274,-0.83185,-0.25982,-1.02893
0.222412,0.02621,-0.94167,0.00534,-0.91012
0.222656,0.00496,-0.57395,-0.04845,-0.61744
0.222900,-0.01270,0.13269,0.20938,0.32937
0.223145,-0.03901,0.75860,-0.08748,0.63211
0.223389,-0.08492,0.95226,-0.06969,0.79764
0.223633,-0.15851,0.71271,-0.10925,0.44495
0.223877,-0.26366,0.33382,-0.12649,-0.05633
0.224121,-0.39930,0.08461,-0.08406,-0.39875
0.224365,-0.55920,-0.03639,-0.17231,-0.76790
0.224609,-0.73243,-0.22579,-0.12374,-1.08196
0.224854,-0.90438,-0.57866,-0.19279,-1.67584
0.225098,-1.05828,-0.90655,-0.17967,-2.14451
0.225342,-1.17701,-0.88377,-0.18716,-2.24794
0.225586,-1.24503,-0.38332,-0.06254,-1.69088
0.225830,-1.25016,0.34778,-0.08204,-0.98442
0.226074,-1.18516,0.86912,-0.14718,-0.46321
0.226318,-1.04865,0.91641,0.05739,-0.07484
0.226562,-0.84556,0.59888,-0.00577,-0.25245
0.226807,-0.58687,0.24033,-0.05184,-0.39837
0.227051,-0.28870,0.04269,-0.05568,-0.30169
0.227295,0.02914,-0.07655,0.19115,0.14374
0.227539,0.34499,-0.31655,0.02878,0.05722
0.227783,0.63737,-0.69360,0.05705,0.00082
0.228027,0.88702,-0.94879,-0.31032,-0.37210
0.228271,1.07865,-0.78080,-0.07845,0.21939
0.228516,1.20234,-0.17082,-0.26052,0.77099
0.228760,1.25431,0.54299,-0.05114,1.74615
0.229004,1.23704,0.93491,0.04480,2.21675
0.229248,1.15878,0.84673,-0.08092,1.92459
0.229492,1.03243,0.48244,0.06223,1.57710
0.229736,0.87395,0.16331,-0.12273,0.91454
0.229980,0.70056,0.00861,0.06910,0.77827
0.230225,0.52876,-0.12882,-0.18643,0.21350
0.230469,0.37258,-0.42161,-0.03140,-0.08042
0.230713,0.24217,-0.79816,0.05038,-0.50560
0.230957,0.14283,-0.95151,0.06431,-0.74437
0.231201,0.07470,-0.63606,-0.01527,-0.57663
0.231445,0.03306,0.05152,0.23277,0.31734
0.231689,0.00920,0.70771,-0.04973,0.66718
0.231934,-0.00820,0.95552,-0.05412,0.89321
0.232178,-0.03140,0.75181,-0.33114,0.38927
0.232422,-0.07181,0.37160,0.21227,0.51206
0.232666,-0.13834,0.10292,-0.04428,-0.07970
0.232910,-0.23593,-0.02374,-0.14112,-0.40079
0.233154,-0.36474,-0.19674,0.15851,-0.40297
0.233398,-0.51973,-0.53594,0.14826,-0.90741
0.233643,-0.69101,-0.88258,0.01300,-1.56059
0.233887,-0.86472,-0.91021,-0.17219,-1.94713
0.234131,-1.02446,-0.45609,0.05028,-1.43027
0.234375,-1.15299,0.27088,-0.07457,-0.95668
0.234619,-1.23424,0.83380,-0.14049,-0.54094
0.234863,-1.25510,0.93383,0.12520,-0.19606
0.235107,-1.20703,0.64126,-0.25591,-0.82168
0.235352,-1.08721,0.27268,0.06806,-0.74647
0.235596,-0.89908,0.05680,0.05512,-0.78716
0.235840,-0.65225,-0.06072,0.24612,-0.46685
0.236084,-0.36173,-0.28154,0.03902,-0.60426
0.236328,-0.04662,-0.65230,-0.24701,-0.94593
0.236572,0.27168,-0.93762,-0.10033,-0.76627
0.236816,0.57146,-0.82352,0.00776,-0.24430
0.237061,0.83276,-0.25027,0.04267,0.62516
0.237305,1.03921,0.47469,0.11770,1.63159
0.237549,1.17954,0.91616,-0.23516,1.86054
0.237793,1.24846,0.87560,-0.03959,2.08447
0.238037,1.24702,0.52473,0.11638,1.88813
0.238281,1.18216,0.18948,0.18528,1.55691
0.238525,1.06582,0.02052,0.22332,1.30967
0.238770,0.91340,-0.10805,-0.04683,0.75852
0.239014,0.74199,-0.38183,0.13171,0.49187
0.239258,0.56842,-0.76177,0.20541,0.01206
0.239502,0.40748,-0.95545,0.14377,-0.40421
0.239746,0.27031,-0.69345,0.08684,-0.33630
0.239990,0.16342,-0.03006,0.09934,0.23269
0.240234,0.08817,0.65164,-0.09479,0.64502
0.240479,0.04092,0.95312,-0.17367,0.82037
0.240723,0.01381,0.78882,0.11794,0.92057
0.240967,-0.00402,0.41100,-0.04165,0.36534
0.241211,-0.02475,0.12316,-0.00338,0.09503
0.241455,-0.06018,-0.01171,-0.06945,-0.14134
0.241699,-0.11992,-0.16998,-0.04715,-0.33704
0.241943,-0.20997,-0.49351,0.02793,-0.67554
0.242188,-0.33166,-0.85467,-0.12262,-1.30896
0.242432,-0.48118,-0.93057,0.00822,-1.40353
0.242676,-0.64974,-0.52540,0.02953,-1.14560
0.242920,-0.82429,0.19188,-0.00928,-0.64169
0.243164,-0.98888,0.79260,-0.08924,-0.28552
0.243408,-1.12632,0.94635,0.09439,-0.08557
0.243652,-1.22007,0.68284,0.22472,-0.31251
0.243896,-1.25616,0.30714,-0.07215,-1.02116
0.244141,-1.22486,0.07224,0.14814,-1.00449
0.244385,-1.12192,-0.04629,0.10671,-1.06150
0.244629,-0.94930,-0.24863,-0.31839,-1.51632
0.244873,-0.71517,-0.61008,-0.09134,-1.41660
0.245117,-0.43338,-0.92145,-0.07630,-1.43113
0.245361,-0.12221,-0.86040,0.09381,-0.88880
0.245605,0.19732,-0.32778,0.02262,-0.10784
0.245850,0.50338,0.40277,0.05693,0.96308
0.246094,0.77541,0.89132,0.07635,1.74308
0.246338,0.99605,0.90065,-0.10787,1.78883
0.246582,1.15272,0.56742,-0.08959,1.63055
0.246826,1.23866,0.21792,-0.14675,1.30984
0.247070,1.25343,0.03298,-0.02043,1.26598
0.247314,1.20265,-0.08925,-0.01429,1.09911
0.247559,1.09719,-0.34359,0.02054,0.77414
0.247803,0.95179,-0.72317,-0.08728,0.14134
0.248047,0.78330,-0.95365,0.10878,-0.06157
0.248291,0.60881,-0.74573,0.11005,-0.02687
0.248535,0.44372,-0.11140,0.18558,0.51790
0.248779,0.30016,0.59073,0.08536,0.97624
0.249023,0.18579,0.94484,0.02226,1.15290
0.249268,0.10322,0.82327,0.08069,1.00717
0.249512,0.04992,0.45174,0.07317,0.57483
0.249756,0.01894,0.14547,-0.07822,0.08619
0.250000,-0.00000,0.00000,0.15473,0.15473
0.250244,-0.01894,-0.14547,0.20622,0.04181
0.250488,-0.04992,-0.45174,0.23723,-0.26443
0.250732,-0.10322,-0.82327,0.00423,-0.92226
0.250977,-0.18579,-0.94484,0.03891,-1.09172
0.251221,-0.30016,-0.59073,0.04996,-0.84092
0.251465,-0.44372,0.11140,-0.00031,-0.33262
0.251709,-0.60881,0.74573,0.07431,0.21123
0.251953,-0.78330,0.95365,-0.01454,0.15581
0.252197,-0.95179,0.72317,-0.02325,-0.25187
0.252441,-1.09719,0.34359,0.21108,-0.54252
0.252686,-1.20265,0.08925,0.01977,-1.09363
0.252930,-1.25343,-0.03298,0.00804,-1.27837
0.253174,-1.23866,-0.21792,0.10584,-1.35074
0.253418,-1.15272,-0.56742,0.01804,-1.70210
0.253662,-0.99605,-0.90065,0.03499,-1.86171
0.253906,-0.77541,-0.89132,-0.00763,-1.67435
0.254150,-0.50338,-0.40277,-0.14645,-1.05260
0.254395,-0.19732,0.32778,-0.00372,0.12674
0.254639,0.12221,0.86040,-0.13643,0.84618
0.254883,0.43338,0.92145,0.02522,1.38005
0.255127,0.71517,0.61008,-0.14177,1.18348
0.255371,0.94930,0.24863,0.11001,1.30793
0.255615,1.12192,0.04629,0.08991,1.25812
0.255859,1.22486,-0.07224,0.03365,1.18628
0.256104,1.25616,-0.30714,-0.01202,0.93700
0.256348,1.22007,-0.68284,0.04996,0.58718
0.256592,1.12632,-0.94635,-0.23580,-0.05584
0.256836,0.98888,-0.79260,-0.13162,0.06466
0.257080,0.82429,-0.19188,-0.01785,0.61456
0.257324,0.64974,0.52540,0.04143,1.21656
0.257568,0.48118,0.93057,-0.00953,1.40222
0.257812,0.33166,0.85467,-0.12055,1.06578
0.258057,0.20997,0.49351,0.01601,0.71949
0.258301,0.11992,0.16998,-0.05444,0.23545
0.258545,0.06018,0.01171,-0.12823,-0.05634
0.258789,0.02475,-0.12316,0.03954,-0.05886
0.259033,0.00402,-0.41100,-0.02520,-0.43219
0.259277,-0.01381,-0.78882,0.14358,-0.65905
0.259521,-0.04092,-0.95312,0.07986,-0.91417
0.259766,-0.08817,-0.65164,0.08816,-0.65164
0.260010,-0.16342,0.03006,0.03860,-0.09476
0.260254,-0.27031,0.69345,-0.10142,0.32172
0.260498,-0.40748,0.95545,-0.11228,0.43570
0.260742,-0.56842,0.76177,-0.17654,0.01681
0.260986,-0.74199,0.38183,0.34548,-0.01468
0.261230,-0.91340,0.10805,-0.12953,-0.93488
0.261475,-1.06582,-0.02052,-0.02518,-1.11152
0.261719,-1.18216,-0.18948,-0.04325,-1.41488
0.261963,-1.24702,-0.52473,-0.03373,-1.80548
0.262207,-1.24846,-0.87560,-0.07009,-2.19415
0.262451,-1.17954,-0.91616,-0.22420,-2.31990
0.262695,-1.03921,-0.47469,-0.11978,-1.63368
0.262939,-0.83276,0.25027,-0.16688,-0.74937
0.263184,-0.57146,0.82352,-0.01521,0.23684
0.263428,-0.27168,0.93762,-0.08210,0.58383
0.263672,0.04662,0.65230,-0.08246,0.61646
0.263916,0.36173,0.28154,0.02591,0.66918
0.264160,0.65225,0.06072,-0.06993,0.64304
0.264404,0.89908,-0.05680,0.11185,0.95413
0.264648,1.08721,-0.27268,-0.04634,0.76819
0.264893,1.20703,-0.64126,0.02702,0.59279
0.265137,1.25510,-0.93383,-0.15904,0.16223
0.265381,1.23424,-0.83380,0.07882,0.47927
0.265625,1.15299,-0.27088,-0.04862,0.83349
0.265869,1.02446,0.45609,0.04905,1.52960
0.266113,0.86472,0.91021,0.03960,1.81454
0.266357,0.69101,0.88258,-0.02081,1.55278
0.266602,0.51973,0.53594,0.02609,1.08176
0.266846,0.36474,0.19674,-0.04624,0.51524
0.267090,0.23593,0.02374,0.16153,0.42120
0.267334,0.13834,-0.10292,0.11211,0.14753
0.267578,0.07181,-0.37160,0.05790,-0.24189
0.267822,0.03140,-0.75181,-0.14162,-0.86203
0.268066,0.00820,-0.95552,-0.13192,-1.07924
0.268311,-0.00920,-0.70771,-0.07966,-0.79658
0.268555,-0.03306,-0.05152,-0.02940,-0.11398
0.268799,-0.07470,0.63606,0.05376,0.61512
0.269043,-0.14283,0.95151,-0.10758,0.70110
0.269287,-0.24217,0.79816,0.14125,0.69723
0.269531,-0.37258,0.42161,0.00043,0.04945
0.269775,-0.52876,0.12882,-0.24153,-0.64147
0.270020,-0.70056,-0.00861,-0.05704,-0.76621
0.270264,-0.87395,-0.16331,-0.31022,-1.34749
0.270508,-1.03243,-0.48244,-0.09021,-1.60507
0.270752,-1.15878,-0.84673,-0.06590,-2.07141
0.270996,-1.23704,-0.93491,-0.07325,-2.24520
0.271240,-1.25431,-0.54299,-0.03903,-1.83633
0.271484,-1.20234,0.17082,-0.04729,-1.07881
0.271729,-1.07865,0.78080,-0.07125,-0.36909
0.271973,-0.88702,0.94879,0.18030,0.24208
0.272217,-0.63737,0.69360,0.14579,0.20201
0.272461,-0.34499,0.31655,-0.13702,-0.16546
0.272705,-0.02914,0.07655,0.15047,0.19788
0.272949,0.28870,-0.04269,-0.19456,0.05145
0.273193,0.58687,-0.24033,-0.09775,0.24878
0.273438,0.84556,-0.59888,0.18302,0.42970
0.273682,1.04865,-0.91641,-0.26875,-0.13651
0.273926,1.18516,-0.86912,0.06897,0.38501
0.274170,1.25016,-0.34778,-0.15042,0.75196
0.274414,1.24503,0.38332,-0.01728,1.61106
0.274658,1.17701,0.88377,-0.02162,2.03916
0.274902,1.05828,0.90655,0.20366,2.16850
0.275146,0.90438,0.57866,-0.09727,1.38577
0.275391,0.73243,0.22579,-0.00828,0.94993
0.275635,0.55920,0.03639,0.07524,0.67083
0.275879,0.39930,-0.08461,-0.03021,0.28448
0.276123,0.26366,-0.33382,-0.09865,-0.16881
0.276367,0.15851,-0.71271,-0.00710,-0.56130
0.276611,0.08492,-0.95226,0.01122,-0.85611
0.276855,0.03901,-0.75860,0.10609,-0.61350
0.277100,0.01270,-0.13269,-0.11317,-0.23315
0.277344,-0.00496,0.57395,-0.05390,0.51509
0.277588,-0.02621,0.94167,0.03875,0.95422
0.277832,-0.06274,0.83185,-0.02006,0.74905
0.278076,-0.12401,0.46265,-0.02223,0.31640
0.278320,-0.21580,0.15170,-0.00204,-0.06614
0.278564,-0.33915,0.00307,-0.08350,-0.41959
0.278809,-0.48999,-0.13939,-0.09596,-0.72534
0.279053,-0.65924,-0.44091,0.05289,-1.04726
0.279297,-0.83368,-0.81448,-0.13141,-1.77957
0.279541,-0.99723,-0.94760,0.13985,-1.80499
0.279785,-1.13270,-0.60720,0.02608,-1.71383
0.280029,-1.22363,0.09006,-0.15318,-1.28676
0.280273,-1.25625,0.73248,0.03396,-0.48981
0.280518,-1.22110,0.95467,0.02007,-0.24636
0.280762,-1.11426,0.73352,0.09146,-0.28928
0.281006,-0.93801,0.35349,0.13906,-0.44546
0.281250,-0.70088,0.09401,-0.04397,-0.65084
0.281494,-0.41699,-0.02963,-0.08493,-0.53155
0.281738,-0.10480,-0.21022,-0.07272,-0.38773
0.281982,0.21456,-0.55617,-0.11773,-0.45934
0.282227,0.51927,-0.89445,-0.08957,-0.46476
0.282471,0.78891,-0.89845,0.03414,-0.07540
0.282715,1.00634,-0.42202,0.00183,0.58615
0.282959,1.15926,0.30760,-0.05896,1.40790
0.283203,1.24128,0.85127,-0.08859,2.00396
0.283447,1.25227,0.92617,0.04175,2.22019
0.283691,1.19819,0.62125,-0.06019,1.75925
0.283936,1.09014,0.25708,-0.12482,1.22240
0.284180,0.94303,0.04996,-0.01820,0.97480
0.284424,0.77379,-0.06803,-0.03174,0.67402
0.284668,0.59944,-0.29787,-0.12840,0.17316
0.284912,0.43524,-0.67200,0.09926,-0.13750
0.285156,0.29312,-0.94355,0.10152,-0.54891
0.285400,0.18047,-0.80400,0.00491,-0.61862
0.285645,0.09960,-0.21284,0.01572,-0.09752
0.285889,0.04774,0.50752,0.06328,0.61854
0.286133,0.01770,0.92580,-0.00371,0.93979
0.286377,-0.00092,0.86238,0.10696,0.96841
0.286621,-0.02022,0.50462,0.19872,0.68313
0.286865,-0.05217,0.17680,0.00966,0.13429
0.287109,-0.10692,0.01483,0.05283,-0.03926
0.287354,-0.19121,-0.11763,0.10481,-0.20403
0.287598,-0.30728,-0.40049,-0.04057,-0.74834
0.287842,-0.45226,-0.77931,-0.13540,-1.36697
0.288086,-0.61821,-0.95431,0.10872,-1.46380
0.288330,-0.79280,-0.66688,-0.18825,-1.64793
0.288574,-0.96047,0.00859,0.21466,-0.73722
0.288818,-1.10412,0.67882,0.10445,-0.32084
0.289062,-1.20695,0.95498,0.02252,-0.22945
0.289307,-1.25439,0.77158,0.00613,-0.47668
0.289551,-1.23584,0.39216,0.21016,-0.63352
0.289795,-1.14597,0.11332,-0.11355,-1.14619
0.290039,-0.98558,-0.01735,-0.13922,-1.14215
0.290283,-0.76176,-0.18237,-0.07178,-1.01591
0.290527,-0.48739,-0.51355,-0.03142,-1.03235
0.290771,-0.18004,-0.86836,-0.12078,-1.16918
0.291016,0.13959,-0.92169,0.01846,-0.76363
0.291260,0.44969,-0.49303,0.01631,-0.02703
0.291504,0.72932,0.22952,-0.09766,0.86118
0.291748,0.96040,0.81283,0.19237,1.96560
0.291992,1.12938,0.94106,-0.16705,1.90339
0.292236,1.22840,0.66327,-0.15321,1.73847
0.292480,1.25586,0.29056,0.04513,1.59156
0.292725,1.21633,0.06474,-0.02490,1.25617
0.292969,1.11980,-0.05297,0.05013,1.11697
0.293213,0.98045,-0.26395,-0.07428,0.64222
0.293457,0.81487,-0.63016,-0.12400,0.06071
0.293701,0.64025,-0.92971,-0.07747,-0.36692
0.293945,0.47243,-0.84367,-0.08203,-0.45327
0.294189,0.32424,-0.29134,0.06300,0.09590
0.294434,0.20423,0.43725,-0.05760,0.58389
0.294678,0.11591,0.90384,0.09137,1.11113
0.294922,0.05769,0.88929,0.07057,1.01755
0.295166,0.02334,0.54717,0.12487,0.69539
0.295410,0.00308,0.20416,0.10809,0.31533
0.295654,-0.01494,0.02699,0.09412,0.10618
0.295898,-0.04289,-0.09792,0.09238,-0.04843
0.296143,-0.09150,-0.36149,-0.06200,-0.51499
0.296387,-0.16842,-0.74170,-0.03143,-0.94155
0.296631,-0.27705,-0.95521,-0.21962,-1.45187
0.296875,-0.41572,-0.72162,0.03501,-1.10233
0.297119,-0.57769,-0.07294,-0.08085,-0.73148
0.297363,-0.75154,0.62016,0.04819,-0.08320
0.297607,-0.92236,0.94950,0.06330,0.09044
0.297852,-1.07325,0.80730,-0.16225,-0.42819
0.298096,-1.18715,0.43230,-0.12166,-0.87652
0.298340,-1.24882,0.13463,-0.04192,-1.15611
0.298584,-1.24656,-0.00553,-0.06211,-1.31420
0.298828,-1.17371,-0.15680,0.02004,-1.31046
0.299072,-1.02958,-0.47142,-0.13865,-1.63965
0.299316,-0.81979,-0.83855,0.00566,-1.65268
0.299561,-0.55593,-0.93883,-0.20262,-1.69738
0.299805,-0.25460,-0.56031,-0.25861,-1.07352
0.300049,0.06409,0.14967,0.08600,0.29976
0.300293,0.37840,0.76862,-0.15664,0.99039
0.300537,0.66700,0.95087,-0.06719,1.55067
0.300781,0.91097,0.70426,-0.17008,1.44514
0.301025,1.09556,0.32609,-0.16906,1.25259
0.301270,1.21150,0.08098,-0.04786,1.24462
0.301514,1.25568,-0.03916,-0.04922,1.16731
0.301758,1.23127,-0.23219,0.11791,1.11699
0.302002,1.14707,-0.58766,0.05394,0.61335
0.302246,1.01639,-0.91106,-0.03133,0.07400
0.302490,0.85545,-0.87743,0.09092,0.06895
0.302734,0.68146,-0.36760,0.13399,0.44785
0.302979,0.51074,0.36365,0.04936,0.92375
0.303223,0.35697,0.87580,-0.04876,1.18401
0.303467,0.22978,0.91215,0.12223,1.26417
0.303711,0.13393,0.58990,0.21222,0.93606
0.303955,0.06900,0.23381,0.07926,0.38207
0.304199,0.02978,0.03986,0.21248,0.28212
0.304443,0.00721,-0.08008,0.11119,0.03832
0.304688,-0.01023,-0.32417,0.10186,-0.23254
0.304932,-0.03478,-0.70213,-0.13082,-0.86774
0.305176,-0.07768,-0.95048,-0.13363,-1.16178
0.305420,-0.14743,-0.77109,-0.00594,-0.92445
0.305664,-0.24851,-0.15391,-0.20033,-0.60275
0.305908,-0.38051,0.55687,-0.07115,0.10520
0.306152,-0.53784,0.93808,0.10408,0.50432
0.306396,-0.71012,0.84021,-0.07982,0.05027
0.306641,-0.88314,0.47362,0.06398,-0.34554
0.306885,-1.04030,0.15809,-0.16215,-1.04436
0.307129,-1.16442,0.00614,-0.05924,-1.21751
0.307373,-1.23965,-0.13346,0.12281,-1.25030
0.307617,-1.25331,-0.43015,0.02502,-1.65844
0.307861,-1.19743,-0.80549,0.03483,-1.96809
0.308105,-1.06988,-0.94994,0.20457,-1.81525
0.308350,-0.87478,-0.62336,0.15562,-1.34253
0.308594,-0.62237,0.06866,-0.10522,-0.65893
0.308838,-0.32818,0.71887,0.15815,0.54883
0.309082,-0.01166,0.95530,-0.07383,0.86981
0.309326,0.30566,0.74373,-0.00211,1.04729
0.309570,0.60216,0.36351,0.00183,0.96750
0.309814,0.85819,0.09891,0.12876,1.08587
0.310059,1.05788,-0.02634,-0.13551,0.89603
0.310303,1.19056,-0.20267,0.05422,1.04212
0.310547,1.25165,-0.54493,0.06288,0.76960
0.310791,1.24285,-0.88797,0.09738,0.45226
0.311035,1.17172,-0.90515,-0.02525,0.24132
0.311279,1.05064,-0.44104,0.12041,0.73001
0.311523,0.89531,0.28726,-0.08539,1.09719
0.311768,0.72287,0.84173,0.13765,1.70224
0.312012,0.55002,0.93056,0.04227,1.52285
0.312256,0.39120,0.63239,-0.16801,0.85557
0.312500,0.25711,0.26569,0.04895,0.57174
0.312744,0.15370,0.05372,0.02152,0.22894
0.312988,0.08176,-0.06393,-0.04268,-0.02485
0.313232,0.03716,-0.28875,-0.08835,-0.33994
0.313477,0.01163,-0.66108,-0.02882,-0.67828
0.313721,-0.00591,-0.94040,-0.17306,-1.11937
0.313965,-0.02771,-0.81500,0.20289,-0.63982
0.314209,-0.06537,-0.23368,-0.13539,-0.43445
0.314453,-0.12820,0.48938,-0.07935,0.28183
0.314697,-0.22173,0.92062,0.13739,0.83627
0.314941,-0.34673,0.86983,0.07020,0.59330
0.315186,-0.49885,0.51578,0.08643,0.10337
0.315430,-0.66875,0.18378,0.18201,-0.30297
0.315674,-0.84303,0.01798,-0.03746,-0.86251
0.315918,-1.00550,-0.11225,-0.12558,-1.24334
0.316162,-1.13895,-0.39008,0.10131,-1.42772
0.316406,-1.22702,-0.76963,0.09555,-1.90110
0.316650,-1.25615,-0.95510,-0.03923,-2.25048
0.316895,-1.21713,-0.68178,-0.15187,-2.05078
0.317139,-1.10638,-0.01289,0.14870,-0.97057
0.317383,-0.92654,0.66386,0.06910,-0.19358
0.317627,-0.68645,0.95411,-0.16482,0.10284
0.317871,-0.40050,0.78123,0.09359,0.47432
0.318115,-0.08736,0.40259,-0.17292,0.14231
0.318359,0.23175,0.11873,-0.05792,0.29256
0.318604,0.53505,-0.01421,-0.13480,0.38605
0.318848,0.80225,-0.17542,-0.07654,0.55029
0.319092,1.01643,-0.50240,-0.10000,0.41403
0.319336,1.16560,-0.86086,-0.07360,0.23114
0.319580,1.24368,-0.92679,0.08691,0.40380
0.319824,1.25092,-0.51112,0.03535,0.77515
0.320068,1.19356,0.20866,0.07545,1.47767
0.320312,1.08298,0.80175,0.13108,2.01581
0.320557,0.93422,0.94414,-0.04472,1.83363
0.320801,0.76426,0.67418,0.00959,1.44802
0.321045,0.59009,0.29972,0.06458,0.95439
0.321289,0.42683,0.06886,0.20481,0.70050
0.321533,0.28617,-0.04922,0.10789,0.34484
0.321777,0.17524,-0.25538,0.16579,0.08565
0.322021,0.09607,-0.61902,0.12228,-0.40068
0.322266,0.04562,-0.92525,0.12687,-0.75276
0.322510,0.01650,-0.85313,-0.21416,-1.05079
0.322754,-0.00184,-0.31165,0.10570,-0.20779
0.322998,-0.02153,0.41819,0.02555,0.42221
0.323242,-0.05449,0.89705,0.00651,0.84907
0.323486,-0.11071,0.89572,-0.06327,0.72173
0.323730,-0.19673,0.55842,-0.05103,0.31066
0.323975,-0.31449,0.21174,0.04994,-0.05281
0.324219,-0.46086,0.03030,0.10080,-0.32977
0.324463,-0.62764,-0.09305,-0.17973,-0.90043
0.324707,-0.80227,-0.35150,0.02617,-1.12760
0.324951,-0.96908,-0.73146,-0.06728,-1.76782
0.325195,-1.11092,-0.95450,-0.11410,-2.17952
0.325439,-1.21108,-0.73516,0.04711,-1.89913
0.325684,-1.25515,-0.09433,-0.03945,-1.38893
0.325928,-1.23279,0.60393,-0.07908,-0.70794
0.326172,-1.13900,0.94708,-0.09230,-0.28422
0.326416,-0.97491,0.81625,0.03376,-0.12490
0.326660,-0.74795,0.44307,-0.00120,-0.30609
0.326904,-0.47130,0.14059,-0.13100,-0.46170
0.327148,-0.16273,-0.00245,-0.10092,-0.26610
0.327393,0.15695,-0.15045,-0.02190,-0.01540
0.327637,0.46591,-0.46046,0.04862,0.05407
0.327881,0.74332,-0.83015,-0.12597,-0.21279
0.328125,0.97132,-0.94234,0.05857,0.08755
0.328369,1.13663,-0.57733,-0.09888,0.46042
0.328613,1.23173,0.12844,0.32733,1.68750
0.328857,1.25536,0.75606,-0.11292,1.89850
0.329102,1.21242,0.95257,-0.09482,2.07017
0.329346,1.11316,0.71481,0.02328,1.85126
0.329590,0.97194,0.33576,-0.10829,1.19941
0.329834,0.80543,0.08552,0.09932,0.99027
0.330078,0.63079,-0.03570,0.21617,0.81126
0.330322,0.46375,-0.22420,-0.04651,0.19303
0.330566,0.31692,-0.57642,0.02073,-0.23877
0.330811,0.19859,-0.90539,-0.06213,-0.76894
0.331055,0.11200,-0.88531,-0.00000,-0.77331
0.331299,0.05528,-0.38722,0.17181,-0.16014
0.331543,0.02198,0.34380,0.10731,0.47308
0.331787,0.00215,0.86741,-0.10851,0.76106
0.332031,-0.01610,0.91744,0.18551,1.08685
0.332275,-0.04493,0.60112,0.13945,0.69565
0.332520,-0.09491,0.24198,0.05836,0.20543
0.332764,-0.17352,0.04340,-0.07911,-0.20923
0.333008,-0.28387,-0.07568,0.00788,-0.35167
0.333252,-0.42404,-0.31466,-0.09546,-0.83416
0.333496,-0.58698,-0.69145,0.05611,-1.22233
0.333740,-0.76108,-0.94834,-0.03798,-1.74739
0.333984,-0.93126,-0.78319,-0.26820,-1.98265
0.334229,-1.08056,-0.17504,0.11114,-1.14446
0.334473,-1.19199,0.53950,0.02297,-0.62952
0.334717,-1.25043,0.93408,0.12942,-0.18693
0.334961,-1.24444,0.84834,-0.01634,-0.41244
0.335205,-1.16766,0.48465,0.02262,-0.66040
0.335449,-1.01975,0.16463,0.13384,-0.72128
0.335693,-0.80666,0.00923,0.04654,-0.75090
0.335938,-0.54029,-0.12768,0.03456,-0.63341
0.336182,-0.23747,-0.41948,0.38573,-0.27122
0.336426,0.08155,-0.79630,-0.02028,-0.73504
0.336670,0.39499,-0.95187,0.02030,-0.53657
0.336914,0.68161,-0.63920,0.20808,0.25049
0.337158,0.92268,0.04723,-0.09660,0.87330
0.337402,1.10371,0.70489,-0.12492,1.68368
0.337646,1.21576,0.95554,-0.17185,1.99945
0.337891,1.25606,0.75381,0.06404,2.07392
0.338135,1.22811,0.37364,0.07508,1.67683
0.338379,1.14100,0.10393,0.08898,1.33391
0.338623,1.00824,-0.02309,-0.16243,0.82272
0.338867,0.84614,-0.19528,0.12070,0.77157
0.339111,0.67193,-0.53370,0.14367,0.28190
0.339355,0.50181,-0.88121,-0.01168,-0.39107
0.339600,0.34928,-0.91144,0.00391,-0.55825
0.339844,0.22373,-0.45983,0.08107,-0.15503
0.340088,0.12962,0.26677,0.04406,0.44044
0.340332,0.06627,0.83177,0.07704,0.97507
0.340576,0.02822,0.93462,-0.13033,0.83250
0.340820,0.00624,0.64347,-0.02095,0.62875
0.341064,-0.01127,0.27444,-0.14550,0.11767
0.341309,-0.03656,0.05757,0.07575,0.09677
0.341553,-0.08073,-0.05993,0.06363,-0.07703
0.341797,-0.15211,-0.27976,-0.01186,-0.44373
0.342041,-0.25494,-0.65009,0.03562,-0.86942
0.342285,-0.38851,-0.93689,-0.18678,-1.51218
0.342529,-0.54697,-0.82560,0.10295,-1.26962
0.342773,-0.71968,-0.25440,-0.05607,-1.03015
0.343018,-0.89228,0.47099,0.01549,-0.40580
0.343262,-1.04808,0.91501,0.13384,0.00077
0.343506,-1.16992,0.87702,-0.09078,-0.38368
0.343750,-1.24208,0.52697,0.14367,-0.57144
0.343994,-1.25210,0.19092,0.01489,-1.04629
0.344238,-1.19232,0.02116,0.00338,-1.16777
0.344482,-1.06091,-0.10701,0.06673,-1.10120
0.344727,-0.86237,-0.37977,-0.14964,-1.39178
0.344971,-0.60724,-0.75979,0.07129,-1.29573
0.345215,-0.31130,-0.95550,0.00738,-1.25942
0.345459,0.00583,-0.69633,0.12435,-0.56614
0.345703,0.32256,-0.03435,-0.02602,0.26219
0.345947,0.61734,0.64855,-0.04360,1.22229
0.346191,0.87066,0.95283,0.04436,1.86785
0.346436,1.06691,0.79070,-0.00712,1.85049
0.346680,1.19575,0.41312,-0.14088,1.46799
0.346924,1.25293,0.12428,-0.02327,1.35393
0.347168,1.24048,-0.01109,0.15212,1.38151
0.347412,1.16627,-0.16863,-0.01117,0.98647
0.347656,1.04290,-0.49129,-0.10446,0.44716
0.347900,0.88619,-0.85311,0.08591,0.11900
0.348145,0.71331,-0.93147,-0.22241,-0.44058
0.348389,0.54088,-0.52894,-0.25443,-0.24249
0.348633,0.38317,0.18768,-0.00050,0.57035
0.348877,0.25065,0.79027,0.02171,1.06263
0.349121,0.14898,0.94687,0.02645,1.12230
0.349365,0.07868,0.68500,-0.10713,0.65655
0.349609,0.03537,0.30901,-0.01806,0.32632
0.349854,0.01057,0.07309,-0.16785,-0.08419
0.350098,-0.00688,-0.04556,0.02635,-0.02609
0.350342,-0.02925,-0.24696,-0.19384,-0.47005
0.350586,-0.06808,-0.60785,-0.01791,-0.69384
0.350830,-0.13248,-0.92047,0.03139,-1.02156
0.351074,-0.22775,-0.86218,-0.21080,-1.30073
0.351318,-0.35440,-0.33180,-0.06270,-0.74889
0.351562,-0.50776,0.39890,0.09458,-0.01428
0.351807,-0.67828,0.88984,0.18588,0.39743
0.352051,-0.85235,0.90185,-0.18048,-0.13098
0.352295,-1.01369,0.56967,0.04079,-0.40323
0.352539,-1.14506,0.21948,-0.14831,-1.07389
0.352783,-1.23024,0.03366,-0.16143,-1.35801
0.353027,-1.25583,-0.08831,0.19153,-1.15262
0.353271,-1.21294,-0.34163,0.08018,-1.47439
0.353516,-1.09830,-0.72109,-0.09650,-1.91590
0.353760,-0.91489,-0.95340,0.02628,-1.84201
0.354004,-0.67188,-0.74833,0.07703,-1.34318
0.354248,-0.38394,-0.11567,0.02176,-0.47785
0.354492,-0.06991,0.58740,0.26967,0.78716
0.354736,0.24890,0.94424,0.07269,1.26583
0.354980,0.55073,0.82500,-0.35916,1.01657
0.355225,0.81543,0.45392,-0.03482,1.23452
0.355469,1.02632,0.14671,-0.08839,1.08464
0.355713,1.17171,0.00061,-0.02450,1.14783
0.355957,1.24587,-0.14424,0.00162,1.10325
0.356201,1.24938,-0.44957,-0.07814,0.72167
0.356445,1.18878,-0.82153,-0.13019,0.23706
0.356689,1.07570,-0.94543,0.16361,0.29388
0.356934,0.92533,-0.59405,0.07168,0.40297
0.357178,0.75472,0.10714,-0.08049,0.78137
0.357422,0.58078,0.74311,0.08156,1.40545
0.357666,0.41849,0.95389,0.08102,1.45340
0.357910,0.27931,0.72525,0.15208,1.15664
0.358154,0.17011,0.34556,-0.12664,0.38904
0.358398,0.09263,0.09019,0.09359,0.27640
0.358643,0.04356,-0.03231,-0.07293,-0.06168
0.358887,0.01532,-0.21637,0.13861,-0.06244
0.359131,-0.00277,-0.56517,-0.02309,-0.59103
0.359375,-0.02288,-0.89943,-0.27261,-1.19493
0.359619,-0.05688,-0.89278,0.00424,-0.94541
0.359863,-0.11460,-0.40664,-0.21410,-0.73534
0.360107,-0.20234,0.32376,-0.02606,0.09536
0.360352,-0.32179,0.85861,-0.00698,0.52984
0.360596,-0.46953,0.92242,-0.04816,0.40473
0.360840,-0.63710,0.61232,-0.17843,-0.20321
0.361084,-0.81173,0.25031,-0.13389,-0.69530
0.361328,-0.97762,0.04701,-0.10135,-1.03195
0.361572,-1.11761,-0.07139,-0.02977,-1.21876
0.361816,-1.21504,-0.30528,0.15462,-1.36570
0.362061,-1.25572,-0.68068,0.08509,-1.85131
0.362305,-1.22954,-0.94582,-0.05666,-2.23202
0.362549,-1.13182,-0.79491,0.15287,-1.77387
0.362793,-0.96406,-0.19608,-0.16417,-1.32431
0.363037,-0.73400,0.52184,0.08220,-0.12996
0.363281,-0.45511,0.92965,-0.02103,0.45351
0.363525,-0.14538,0.85623,0.02836,0.73921
0.363770,0.17428,0.49573,0.07662,0.74662
0.364014,0.48203,0.17133,-0.08155,0.57181
0.364258,0.75717,0.01233,0.09614,0.86565
0.364502,0.98204,-0.12204,-0.00112,0.85889
0.364746,1.14367,-0.40889,0.28942,1.02419
0.364990,1.23484,-0.78693,-0.03651,0.41140
0.365234,1.25467,-0.95339,0.15230,0.45358
0.365479,1.20834,-0.65471,0.07765,0.63128
0.365723,1.10640,0.02577,-0.14090,0.99127
0.365967,0.96335,0.69055,0.16327,1.81717
0.366211,0.79596,0.95539,-0.12725,1.62410
0.366455,0.62135,0.76375,-0.26784,1.11726
0.366699,0.45512,0.38388,0.10240,0.94140
0.366943,0.30968,0.10909,0.12827,0.54704
0.367188,0.19304,-0.01989,0.00624,0.17940
0.367432,0.10818,-0.18804,-0.03132,-0.11119
0.367676,0.05294,-0.52249,0.19004,-0.27951
0.367920,0.02065,-0.87417,0.08542,-0.76810
0.368164,0.00123,-0.91730,-0.07870,-0.99478
0.368408,-0.01730,-0.47838,0.08778,-0.40789
0.368652,-0.04702,0.24613,-0.14919,0.04991
0.368896,-0.09841,0.82141,-0.06708,0.65592
0.369141,-0.17872,0.93833,-0.12614,0.63348
0.369385,-0.29079,0.65450,-0.26400,0.09970
0.369629,-0.43243,0.28334,-0.14128,-0.29037
0.369873,-0.59632,0.06152,0.14668,-0.38812
0.370117,-0.77061,-0.05602,-0.13174,-0.95838
0.370361,-0.94010,-0.27092,-0.06600,-1.27702
0.370605,-1.08776,-0.63904,-0.13932,-1.86612
0.370850,-1.19666,-0.93303,0.10387,-2.02583
0.371094,-1.25184,-0.83580,0.00014,-2.08750
0.371338,-1.24210,-0.27498,0.05889,-1.45820
0.371582,-1.16140,0.45234,-0.01268,-0.72174
0.371826,-1.00972,0.90897,-0.14052,-0.24127
0.372070,-0.79337,0.88395,-0.11687,-0.02630
0.372314,-0.52454,0.53819,0.10047,0.11412
0.372559,-0.22029,0.19821,-0.00689,-0.02897
0.372803,0.09899,0.02439,0.09293,0.21630
0.373047,0.41150,-0.10191,-0.37951,-0.06992
0.373291,0.69609,-0.36957,0.13321,0.45973
0.373535,0.93421,-0.74980,-0.05928,0.12513
0.373779,1.11166,-0.95549,0.26074,0.41691
0.374023,1.21980,-0.71052,-0.06129,0.44799
0.374268,1.25624,-0.05580,0.00339,1.20383
0.374512,1.22478,0.63291,0.07925,1.93693
0.374756,1.13480,0.95115,-0.10510,1.98085
0.375000,1.00000,0.80000,0.10473,1.90473
0.375244,0.83680,0.42374,-0.07743,1.18311
0.375488,0.66241,0.12997,0.15469,0.94707
0.375732,0.49293,-0.00799,0.09518,0.58012
0.375977,0.34167,-0.16200,0.05948,0.23915
0.376221,0.21777,-0.48023,-0.08690,-0.34937
0.376465,0.12540,-0.84511,-0.02527,-0.74498
0.376709,0.06361,-0.93573,0.03599,-0.83613
0.376953,0.02670,-0.54648,-0.24400,-0.76378
0.377197,0.00528,0.16660,-0.06621,0.10567
0.377441,-0.01234,0.77840,0.11257,0.87863
0.377686,-0.03839,0.94924,-0.15218,0.75867
0.377930,-0.08386,0.69574,0.15348,0.76535
0.378174,-0.15690,0.31845,-0.07540,0.08616
0.378418,-0.26147,0.07743,0.03879,-0.14525
0.378662,-0.39659,-0.04198,-0.13772,-0.57629
0.378906,-0.55613,-0.23869,0.05813,-0.73670
0.379150,-0.72924,-0.59664,0.05553,-1.27035
0.379395,-0.90136,-0.91536,0.13636,-1.68036
0.379639,-1.05575,-0.87082,0.16249,-1.76408
0.379883,-1.17527,-0.35176,0.15042,-1.37660
0.380127,-1.24432,0.37940,0.02507,-0.83985
0.380371,-1.25068,0.88221,-0.14714,-0.51561
0.380615,-1.18698,0.90770,0.15885,-0.12043
0.380859,-1.05175,0.58091,-0.15650,-0.62733
0.381104,-0.84979,0.22738,-0.05265,-0.67506
0.381348,-0.59198,0.03708,0.08845,-0.46645
0.381592,-0.29436,-0.08369,0.05323,-0.32483
0.381836,0.02332,-0.33188,0.19117,-0.11740
0.382080,0.33940,-0.71060,-0.00049,-0.37169
0.382324,0.63238,-0.95193,-0.20281,-0.52235
0.382568,0.88296,-0.76113,-0.03303,0.08880
0.382812,1.07575,-0.13694,0.02089,0.95969
0.383057,1.20073,0.57055,-0.04207,1.72921
0.383301,1.25400,0.94099,0.16949,2.36448
0.383545,1.23793,0.83354,-0.02971,2.04175
0.383789,1.16068,0.46484,-0.17230,1.45321
0.384033,1.03506,0.15297,0.05601,1.24405
0.384277,0.87702,0.00368,-0.13772,0.74298
0.384521,0.70375,-0.13819,0.20399,0.76954
0.384766,0.53178,-0.43875,0.03241,0.12544
0.385010,0.37522,-0.81270,-0.16839,-0.60587
0.385254,0.24428,-0.94810,0.12953,-0.57430
0.385498,0.14435,-0.61046,0.28431,-0.18180
0.385742,0.07569,0.08578,-0.24049,-0.07902
0.385986,0.03363,0.72979,0.10837,0.87179
0.386230,0.00954,0.95483,0.05808,1.02245
0.386475,-0.00787,0.73557,0.02108,0.74879
0.386719,-0.03085,0.35548,0.04120,0.36583
0.386963,-0.07087,0.09498,0.05903,0.08314
0.387207,-0.13686,-0.02897,-0.08316,-0.24899
0.387451,-0.23387,-0.20869,0.16932,-0.27324
0.387695,-0.36214,-0.55392,-0.16194,-1.07800
0.387939,-0.51673,-0.89318,0.23503,-1.17488
0.388184,-0.68783,-0.89982,0.18332,-1.40432
0.388428,-0.86164,-0.42584,-0.14234,-1.42982
0.388672,-1.02178,0.30355,-0.00065,-0.71888
0.388916,-1.15103,0.84939,0.17038,-0.13125
0.389160,-1.23327,0.92707,-0.05892,-0.36512
0.389404,-1.25532,0.62348,-0.01949,-0.65132
0.389648,-1.20854,0.25879,-0.04829,-0.99804
0.389893,-1.09001,0.05071,0.14010,-0.89921
0.390137,-0.90306,-0.06720,-0.07292,-1.04318
0.390381,-0.65718,-0.29604,-0.00118,-0.95440
0.390625,-0.36730,-0.66982,0.06483,-0.97230
0.390869,-0.05245,-0.94295,-0.02491,-1.02031
0.391113,0.26599,-0.80623,-0.10397,-0.64421
0.391357,0.56630,-0.21702,-0.16099,0.18829
0.391602,0.82845,0.50392,-0.18219,1.15018
0.391846,1.03602,0.92480,-0.14158,1.81924
0.392090,1.17762,0.86389,-0.20647,1.83504
0.392334,1.24785,0.50685,-0.08723,1.66748
0.392578,1.24764,0.17818,0.03603,1.46185
0.392822,1.18384,0.01546,0.00649,1.20579
0.393066,1.06831,-0.11655,-0.09920,0.85256
0.393311,0.91639,-0.39840,-0.12216,0.39583
0.393555,0.74517,-0.77739,-0.11921,-0.15142
0.393799,0.57151,-0.95450,-0.16655,-0.54954
0.394043,0.41022,-0.66989,-0.14831,-0.40797
0.394287,0.27254,0.00430,0.08572,0.36256
0.394531,0.16508,0.67586,-0.16855,0.67238
0.394775,0.08927,0.95484,0.00208,1.04618
0.395020,0.04157,0.77352,-0.07417,0.74093
0.395264,0.01418,0.39423,0.29135,0.69977
0.395508,-0.00370,0.11439,-0.21563,-0.10495
0.395752,-0.02428,-0.01672,0.02320,-0.01780
0.395996,-0.05934,-0.18097,-0.04005,-0.28036
0.396240,-0.11857,-0.51131,-0.09254,-0.72242
0.396484,-0.20804,-0.86688,0.03783,-1.03710
0.396729,-0.32918,-0.92274,0.01867,-1.23325
0.396973,-0.47826,-0.49667,-0.12827,-1.10320
0.397217,-0.64657,0.22536,0.05115,-0.37006
0.397461,-0.82115,0.81065,0.04670,0.03620
0.397705,-0.98608,0.94170,0.15714,0.11276
0.397949,-1.12416,0.66546,-0.07320,-0.53190
0.398193,-1.21884,0.29238,0.17645,-0.75001
0.398438,-1.25608,0.06556,-0.02362,-1.21414
0.398682,-1.22607,-0.05221,-0.23712,-1.51540
0.398926,-1.12443,-0.26223,0.06277,-1.32389
0.399170,-0.95302,-0.62794,-0.00979,-1.59075
0.399414,-0.71990,-0.92884,-0.10588,-1.75463
0.399658,-0.43883,-0.84559,0.11199,-1.17243
0.399902,-0.12801,-0.29542,-0.05660,-0.48002
0.400146,0.19157,0.43346,0.12203,0.74705
0.400391,0.49806,0.90252,-0.00992,1.39065
0.400635,0.77088,0.89060,0.09004,1.75151
0.400879,0.99258,0.54942,0.08154,1.62354
0.401123,1.15049,0.20567,0.05678,1.41294
0.401367,1.23774,0.02765,-0.12385,1.14155
0.401611,1.25377,-0.09694,0.11037,1.26720
0.401855,1.20410,-0.35949,0.00261,0.84722
0.402100,1.09951,-0.73966,0.24027,0.60012
0.402344,0.95469,-0.95509,0.05744,0.05703
0.402588,0.78647,-0.72436,0.09014,0.15225
0.402832,0.61194,-0.07722,-0.09179,0.44293
0.403076,0.44656,0.61694,-0.04874,1.01476
0.403320,0.30252,0.94905,0.01161,1.26318
0.403564,0.18759,0.80911,-0.14046,0.85624
0.403809,0.10444,0.43445,-0.14043,0.39845
0.404053,0.05066,0.13581,-0.01303,0.17345
0.404297,0.01936,-0.00491,-0.00934,0.00510
0.404541,0.00031,-0.15552,0.02425,-0.13096
0.404785,-0.01852,-0.46922,0.13405,-0.35369
0.405029,-0.04918,-0.83689,-0.04804,-0.93411
0.405273,-0.10200,-0.93957,0.08171,-0.95986
0.405518,-0.18401,-0.56373,-0.01736,-0.76510
0.405762,-0.29780,0.14543,-0.02328,-0.17565
0.406006,-0.44088,0.76614,0.03085,0.35610
0.406250,-0.60568,0.95124,-0.24813,0.09743
0.406494,-0.78013,0.70638,0.00796,-0.06579
0.406738,-0.94888,0.32802,-0.07659,-0.69745
0.406982,-1.09485,0.08188,-0.11158,-1.12455
0.407227,-1.20118,-0.03846,-0.22644,-1.46608
0.407471,-1.25307,-0.23058,-0.05315,-1.53679
0.407715,-1.23956,-0.58541,-0.22529,-2.05026
0.407959,-1.15493,-0.90995,0.10441,-1.96046
0.408203,-0.99950,-0.87904,-0.02872,-1.90726
0.408447,-0.77993,-0.37154,-0.20185,-1.35332
0.408691,-0.50869,0.35970,-0.08082,-0.22981
0.408936,-0.20307,0.87415,0.09059,0.76168
0.409180,0.11641,0.91324,-0.07139,0.95825
0.409424,0.42793,0.59215,-0.03375,0.98633
0.409668,0.71042,0.23543,-0.04430,0.90155
0.409912,0.94556,0.04056,-0.01539,0.97072
0.410156,1.11939,-0.07919,-0.20397,0.83623
0.410400,1.22363,-0.32226,-0.00546,0.89592
0.410645,1.25621,-0.70000,-0.06697,0.48924
0.410889,1.22127,-0.95008,0.35445,0.62565
0.411133,1.12846,-0.77354,-0.02556,0.32936
0.411377,0.99167,-0.15814,-0.05467,0.77886
0.411621,0.82742,0.55342,0.11862,1.49945
0.411865,0.65290,0.93732,-0.01872,1.57149
0.412109,0.48411,0.84185,0.03040,1.35636
0.412354,0.33415,0.47582,-0.10489,0.70507
0.412598,0.21190,0.15939,0.18663,0.55791
0.412842,0.12127,0.00676,-0.07532,0.05271
0.413086,0.06102,-0.13229,0.04504,-0.02622
0.413330,0.02523,-0.42801,0.13588,-0.26690
0.413574,0.00433,-0.80367,-0.03654,-0.83588
0.413818,-0.01344,-0.95036,-0.00002,-0.96381
0.414062,-0.04028,-0.62656,0.07038,-0.59645
0.414307,-0.08708,0.06438,0.08192,0.05922
0.414551,-0.16177,0.71610,-0.13081,0.42352
0.414795,-0.26808,0.95538,0.02178,0.70908
0.415039,-0.40474,0.74576,-0.11344,0.22757
0.415283,-0.56535,0.36552,-0.08944,-0.28926
0.415527,-0.73880,0.09990,-0.07781,-0.71671
0.415771,-0.91040,-0.02569,0.14592,-0.79017
0.416016,-1.06332,-0.20118,0.19159,-1.07291
0.416260,-1.18046,-0.54268,0.31265,-1.41049
0.416504,-1.24637,-0.88664,-0.00679,-2.13980
0.416748,-1.24905,-0.90644,-0.10097,-2.25647
0.416992,-1.18143,-0.44482,-0.11634,-1.74259
0.417236,-1.04238,0.28317,0.19290,-0.56631
0.417480,-0.83704,0.83977,-0.18461,-0.18188
0.417725,-0.57661,0.93140,-0.03804,0.31675
0.417969,-0.27736,0.63461,-0.06793,0.28932
0.418213,0.04080,0.26742,0.21000,0.51822
0.418457,0.35616,0.05449,-0.12160,0.28905
0.418701,0.64731,-0.06312,0.13220,0.71638
0.418945,0.89508,-0.28694,0.15760,0.76574
0.419189,1.08438,-0.65889,-0.02001,0.40547
0.419434,1.20549,-0.93972,0.05586,0.32163
0.419678,1.25486,-0.81715,-0.18465,0.25306
0.419922,1.23519,-0.23784,-0.01058,0.98677
0.420166,1.15494,0.48572,-0.02580,1.61486
0.420410,1.02712,0.91953,-0.30955,1.63710
0.420654,0.86781,0.87129,0.04985,1.78894
0.420898,0.69419,0.51802,0.04262,1.25483
0.421143,0.52273,0.18519,-0.20321,0.50472
0.421387,0.36734,0.01862,-0.16947,0.21649
0.421631,0.23800,-0.11119,-0.08991,0.03689
0.421875,0.13982,-0.38801,-0.06350,-0.31169
0.422119,0.07277,-0.76768,-0.03676,-0.73167
0.422363,0.03194,-0.95521,-0.11497,-1.03824
0.422607,0.00853,-0.68471,-0.12094,-0.79713
0.422852,-0.00886,-0.01718,0.03678,0.01074
0.423096,-0.03250,0.66082,-0.05703,0.57129
0.423340,-0.07373,0.95388,-0.01282,0.86733
0.423584,-0.14132,0.78314,-0.02756,0.61425
0.423828,-0.24008,0.40469,0.05486,0.21947
0.424072,-0.36996,0.11983,-0.01851,-0.26865
0.424316,-0.52574,-0.01358,0.10338,-0.43594
0.424561,-0.69738,-0.17405,0.01236,-0.85907
0.424805,-0.87088,-0.50017,0.10668,-1.26437
0.425049,-1.02978,-0.85933,0.14965,-1.73946
0.425293,-1.15687,-0.92776,-0.17526,-2.25988
0.425537,-1.23613,-0.51470,0.11064,-1.64019
0.425781,-1.25459,0.20447,0.21394,-0.83618
0.426025,-1.20393,0.79949,-0.11670,-0.52114
0.426270,-1.08152,0.94472,-0.00382,-0.14063
0.426514,-0.89106,0.67635,-0.04286,-0.25757
0.426758,-0.64235,0.30157,0.05290,-0.28788
0.427002,-0.35058,0.06970,0.06240,-0.21848
0.427246,-0.03497,-0.04848,-0.08032,-0.16377
0.427490,0.28303,-0.25368,0.15751,0.18686
0.427734,0.58175,-0.61679,-0.10280,-0.13785
0.427979,0.84131,-0.92432,-0.01660,-0.09961
0.428223,1.04552,-0.85497,0.12283,0.31338
0.428467,1.18331,-0.31569,0.23441,1.10203
0.428711,1.24962,0.41435,-0.06152,1.60245
0.428955,1.24571,0.89564,0.09388,2.23523
0.429199,1.17875,0.89697,0.02641,2.10212
0.429443,1.06081,0.56067,-0.18989,1.43158
0.429688,0.90739,0.21328,-0.11462,1.00605
0.429932,0.73562,0.03097,-0.14457,0.62201
0.430176,0.56227,-0.09209,-0.06040,0.40978
0.430420,0.40202,-0.34952,-0.05001,0.00249
0.430664,0.26587,-0.72940,0.00335,-0.46017
0.430908,0.16014,-0.95431,0.15332,-0.64085
0.431152,0.08600,-0.73783,0.05070,-0.60113
0.431396,0.03964,-0.09860,0.31837,0.25941
0.431641,0.01307,0.60065,-0.02921,0.58451
0.431885,-0.00464,0.94655,0.09471,1.03661
0.432129,-0.02572,0.81802,0.04973,0.84203
0.432373,-0.06188,0.44523,0.18079,0.56414
0.432617,-0.12264,0.14180,-0.04545,-0.02628
0.432861,-0.21384,-0.00184,0.10143,-0.11425
0.433105,-0.33665,-0.14919,0.19549,-0.29035
0.433350,-0.48704,-0.45828,-0.08650,-1.03182
0.433594,-0.65607,-0.82844,-0.00898,-1.49349
0.433838,-0.83055,-0.94299,0.06052,-1.71302
0.434082,-0.99446,-0.58070,-0.05217,-1.62733
0.434326,-1.13059,0.12418,-0.10503,-1.11143
0.434570,-1.22246,0.75350,0.21993,-0.24904
0.434814,-1.25625,0.95286,-0.02756,-0.33094
0.435059,-1.22238,0.71691,0.20809,-0.29738
0.435303,-1.11684,0.33771,-0.06101,-0.84013
0.435547,-0.94179,0.08645,-0.02485,-0.88020
0.435791,-0.70566,-0.03502,0.09566,-0.64502
0.436035,-0.42246,-0.22262,-0.02472,-0.66980
0.436279,-0.11060,-0.57417,-0.10786,-0.79263
0.436523,0.20882,-0.90423,-0.08639,-0.78180
0.436768,0.51398,-0.88684,0.03272,-0.34013
0.437012,0.78443,-0.39112,-0.07993,0.31337
0.437256,1.00293,0.33980,0.01057,1.35330
0.437500,1.15711,0.86569,-0.27087,1.75192
0.437744,1.24043,0.91846,-0.06697,2.09192
0.437988,1.25268,0.60337,-0.02164,1.83441
0.438232,1.19969,0.24363,-0.06152,1.38181
0.438477,1.09250,0.04412,-0.11923,1.01739
0.438721,0.94596,-0.07481,-0.10602,0.76513
0.438965,0.77696,-0.31277,0.00846,0.47265
0.439209,0.60256,-0.68931,0.17845,0.09170
0.439453,0.43806,-0.94786,-0.16781,-0.67761
0.439697,0.29545,-0.78557,-0.03315,-0.52327
0.439941,0.18223,-0.17926,0.11725,0.12022
0.440186,0.10079,0.53599,0.04013,0.67692
0.440430,0.04846,0.93322,-0.01125,0.97043
0.440674,0.01811,0.84994,-0.05409,0.81396
0.440918,-0.00061,0.48686,0.00159,0.48784
0.441162,-0.01979,0.16596,-0.01213,0.13404
0.441406,-0.05141,0.00985,-0.26238,-0.30394
0.441650,-0.10568,-0.12654,-0.08589,-0.31811
0.441895,-0.18940,-0.41735,-0.23395,-0.84070
0.442139,-0.30490,-0.79444,0.15493,-0.94441
0.442383,-0.44940,-0.95220,0.09872,-1.30289
0.442627,-0.61508,-0.64233,-0.09459,-1.35199
0.442871,-0.78963,0.04294,0.09659,-0.65011
0.443115,-0.95758,0.70205,0.29384,0.03830
0.443359,-1.10182,0.95554,-0.07477,-0.22105
0.443604,-1.20553,0.75581,0.15591,-0.29381
0.443848,-1.25409,0.37568,0.04350,-0.83491
0.444092,-1.23680,0.10495,-0.02840,-1.16025
0.444336,-1.14824,-0.02245,-0.13271,-1.30340
0.444580,-0.98909,-0.19382,-0.06671,-1.24962
0.444824,-0.76633,-0.53146,-0.04739,-1.34517
0.445068,-0.49273,-0.87982,-0.27789,-1.65044
0.445312,-0.18581,-0.91264,0.06366,-1.03480
0.445557,0.13380,-0.46356,-0.03861,-0.36837
0.445801,0.44427,0.26265,0.05511,0.76203
0.446045,0.72462,0.82973,-0.05031,1.50404
0.446289,0.95672,0.93539,0.35979,2.25190
0.446533,1.12692,0.64568,-0.19887,1.57372
0.446777,1.22725,0.27621,-0.11197,1.39148
0.447021,1.25598,0.05835,0.08462,1.39896
0.447266,1.21759,-0.05914,0.28302,1.44147
0.447510,1.12199,-0.27798,-0.11909,0.72492
0.447754,0.98327,-0.64789,0.21951,0.55489
0.447998,0.81801,-0.93614,-0.11004,-0.22817
0.448242,0.64341,-0.82768,0.15520,-0.02906
0.448486,0.47534,-0.25853,0.00905,0.22586
0.448730,0.32671,0.46728,0.26760,1.06158
0.448975,0.20613,0.91383,0.21384,1.33380
0.449219,0.11724,0.87843,-0.07773,0.91794
0.449463,0.05851,0.52921,0.35228,0.94001
0.449707,0.02381,0.19236,-0.13490,0.08127
0.449951,0.00339,0.02180,-0.03763,-0.01244
0.450195,-0.01456,-0.10598,0.21695,0.09641
0.450439,-0.04223,-0.37772,-0.08817,-0.50813
0.450684,-0.09038,-0.75780,-0.07696,-0.92514
0.450928,-0.16674,-0.95553,0.01568,-1.10660
0.451172,-0.27479,-0.69919,0.05430,-0.91969
0.451416,-0.41297,-0.03865,0.04646,-0.40515
0.451660,-0.57459,0.64545,-0.08948,-0.01863
0.451904,-0.74836,0.95252,0.02363,0.22780
0.452148,-0.91938,0.79258,0.07649,-0.05031
0.452393,-1.07078,0.41523,0.18048,-0.47507
0.452637,-1.18550,0.12540,0.03938,-1.02072
0.452881,-1.24824,-0.01047,-0.15036,-1.40906
0.453125,-1.24722,-0.16729,0.00341,-1.41110
0.453369,-1.17567,-0.48907,-0.07447,-1.73922
0.453613,-1.03281,-0.85153,0.15828,-1.72605
0.453857,-0.82413,-0.93236,-0.20105,-1.95754
0.454102,-0.56112,-0.53247,0.06717,-1.02642
0.454346,-0.26030,0.18347,-0.12785,-0.20468
0.454590,0.05827,0.78793,0.15265,0.99884
0.454834,0.37285,0.94737,0.09254,1.41277
0.455078,0.66210,0.68716,0.02632,1.37557
0.455322,0.90702,0.31089,0.06059,1.27851
0.455566,1.09280,0.07395,-0.04043,1.12632
0.455811,1.21003,-0.04484,0.08109,1.24629
0.456055,1.25551,-0.24529,-0.00596,1.00426
0.456299,1.23228,-0.60561,0.08774,0.71442
0.456543,1.14906,-0.91947,0.00703,0.23661
0.456787,1.01909,-0.86394,-0.29774,-0.14259
0.457031,0.85855,-0.33580,-0.06164,0.46111
0.457275,0.68464,0.39502,0.18210,1.26176
0.457520,0.51373,0.88835,0.17430,1.57638
0.457764,0.35955,0.90305,0.01255,1.27514
0.458008,0.23182,0.57192,-0.01512,0.78861
0.458252,0.13539,0.22105,-0.04023,0.31621
0.458496,0.06993,0.03434,0.07567,0.17993
0.458740,0.03031,-0.08738,0.06948,0.01242
0.458984,0.00754,-0.33967,-0.11749,-0.44962
0.459229,-0.00988,-0.71900,0.07940,-0.64949
0.459473,-0.03420,-0.95314,0.14795,-0.83939
0.459717,-0.07668,-0.75092,-0.11458,-0.94218
0.459961,-0.14589,-0.11993,-0.02242,-0.28823
0.460205,-0.24639,0.58405,0.05563,0.39329
0.460449,-0.37786,0.94362,0.08673,0.65249
0.460693,-0.53481,0.82673,-0.05046,0.24145
0.460938,-0.70693,0.45610,-0.06344,-0.31428
0.461182,-0.88008,0.14795,-0.05567,-0.78780
0.461426,-1.03769,0.00123,0.04623,-0.99023
0.461670,-1.16256,-0.14302,0.05149,-1.25408
0.461914,-1.23880,-0.44740,-0.00233,-1.68853
0.462158,-1.25366,-0.81978,-0.16371,-2.23715
0.462402,-1.19909,-0.94599,-0.13080,-2.27589
0.462646,-1.07283,-0.59736,0.07642,-1.59376
0.462891,-0.87888,0.10287,-0.14653,-0.92254
0.463135,-0.62738,0.74048,0.02716,0.14026
0.463379,-0.33379,0.95411,-0.04330,0.57702
0.463623,-0.01749,0.72733,-0.07227,0.63757
0.463867,0.30001,0.34754,0.00320,0.65076
0.464111,0.59708,0.09114,0.20116,0.88938
0.464355,0.85400,-0.03164,0.03466,0.85702
0.464600,1.05482,-0.21482,-0.03548,0.80452
0.464844,1.18878,-0.56292,-0.17680,0.44906
0.465088,1.25118,-0.89821,0.06147,0.41444
0.465332,1.24359,-0.89422,0.13640,0.48578
0.465576,1.17350,-0.41050,0.07289,0.83589
0.465820,1.05320,0.31973,0.13991,1.51285
0.466064,0.89834,0.85680,0.05719,1.81233
0.466309,0.72606,0.92338,-0.15639,1.49304
0.466553,0.55307,0.61456,-0.00539,1.16224
0.466797,0.39389,0.25199,0.06298,0.70887
0.467041,0.25928,0.04775,0.08652,0.39355
0.467285,0.15529,-0.07054,-0.05917,0.02558
0.467529,0.08281,-0.30342,-0.00760,-0.22822
0.467773,0.03777,-0.67852,0.04390,-0.59684
0.468018,0.01198,-0.94528,0.15256,-0.78074
0.468262,-0.00560,-0.79721,0.12063,-0.68217
0.468506,-0.02720,-0.20028,0.07756,-0.14992
0.468750,-0.06449,0.51828,0.04755,0.50134
0.468994,-0.12680,0.92871,-0.12303,0.67888
0.469238,-0.21974,0.85779,-0.13212,0.50593
0.469482,-0.34420,0.49795,-0.01102,0.14273
0.469727,-0.49589,0.17269,0.12499,-0.19821
0.469971,-0.66558,0.01296,0.04744,-0.60518
0.470215,-0.83992,-0.12093,0.06733,-0.89352
0.470459,-1.00276,-0.40679,-0.18019,-1.58973
0.470703,-1.13688,-0.78504,-0.17540,-2.09732
0.470947,-1.22591,-0.95364,0.13439,-2.04517
0.471191,-1.25620,-0.65777,-0.00416,-1.91814
0.471436,-1.21848,0.02147,-0.15764,-1.35465
0.471680,-1.10903,0.68764,0.10586,-0.31553
0.471924,-0.93038,0.95531,0.03096,0.05589
0.472168,-0.69128,0.76571,0.35418,0.42861
0.472412,-0.40601,0.38595,0.15000,0.12994
0.472656,-0.09318,0.11014,0.04160,0.05857
0.472900,0.22603,-0.01925,-0.01813,0.18864
0.473145,0.52980,-0.18662,0.02788,0.37106
0.473389,0.79782,-0.52025,-0.01232,0.26525
0.473633,1.01309,-0.87274,-0.17266,-0.03231
0.473877,1.16351,-0.91842,0.11130,0.35639
0.474121,1.24291,-0.48206,0.03298,0.79383
0.474365,1.25139,0.24199,-0.33056,1.16281
0.474609,1.19512,0.81929,-0.07626,1.93815
0.474854,1.08538,0.93903,-0.09945,1.92496
0.475098,0.93716,0.65669,0.11771,1.71156
0.475342,0.76744,0.28513,-0.00529,1.04729
0.475586,0.59320,0.06232,0.17849,0.83401
0.475830,0.42963,-0.05525,-0.19098,0.18339
0.476074,0.28848,-0.26917,-0.12909,-0.10979
0.476318,0.17698,-0.63682,0.12805,-0.33180
0.476562,0.09724,-0.93222,-0.07863,-0.91361
0.476807,0.04632,-0.83779,-0.12704,-0.91851
0.477051,0.01689,-0.27908,-0.06320,-0.32539
0.477295,-0.00154,0.44859,-0.09118,0.35587
0.477539,-0.02109,0.90772,0.06472,0.95135
0.477783,-0.05371,0.88530,0.13418,0.96577
0.478027,-0.10944,0.54043,-0.19043,0.24056
0.478271,-0.19488,0.19969,-0.03489,-0.03008
0.478516,-0.31208,0.02503,0.00171,-0.28534
0.478760,-0.45799,-0.10090,0.00986,-0.54903
0.479004,-0.62450,-0.36755,0.09999,-0.89205
0.479248,-0.79912,-0.74778,0.01438,-1.53252
0.479492,-0.96622,-0.95544,-0.06958,-1.99124
0.479736,-1.10867,-0.71332,-0.13343,-1.95541
0.479980,-1.20972,-0.06009,-0.21897,-1.48878
0.480225,-1.25492,0.62974,-0.04453,-0.66972
0.480469,-1.23383,0.95076,0.00173,-0.28134
0.480713,-1.14134,0.80184,0.11061,-0.22890
0.480957,-0.97849,0.42587,-0.04533,-0.59795
0.481201,-0.75257,0.13113,0.27884,-0.34260
0.481445,-0.47667,-0.00738,-0.00918,-0.49322
0.481689,-0.16851,-0.16069,-0.05800,-0.38720
0.481934,0.15117,-0.47802,0.04567,-0.28118
0.482178,0.46051,-0.84349,-0.11647,-0.49944
0.482422,0.73867,-0.93653,0.02507,-0.17279
0.482666,0.96770,-0.54995,-0.24769,0.17005
0.482910,1.13424,0.16237,0.08113,1.37774
0.483154,1.23065,0.77598,0.00800,2.01463
0.483398,1.25555,0.94967,0.02527,2.23049
0.483643,1.21374,0.69787,0.01858,1.93019
0.483887,1.11539,0.32035,-0.15285,1.28289
0.484131,0.97478,0.07831,-0.10783,0.94525
0.484375,0.80858,-0.04127,0.18797,0.95528
0.484619,0.63394,-0.23706,0.05935,0.45624
0.484863,0.46664,-0.59439,-0.07167,-0.19943
0.485107,0.31935,-0.91431,0.05053,-0.54443
0.485352,0.20046,-0.87249,0.04893,-0.62311
0.485596,0.11329,-0.35573,0.23454,-0.00790
0.485840,0.05608,0.37547,0.13324,0.56479
0.486084,0.02243,0.88063,0.04934,0.95240
0.486328,0.00246,0.90883,-0.05390,0.85739
0.486572,-0.01571,0.58316,0.21404,0.78149
0.486816,-0.04424,0.22897,-0.01219,0.17255
0.487061,-0.09376,0.03777,-0.10446,-0.16046
0.487305,-0.17181,-0.08278,-0.14643,-0.40102
0.487549,-0.28159,-0.32994,-0.10349,-0.71502
0.487793,-0.42126,-0.70849,-0.04369,-1.17344
0.488037,-0.58388,-0.95159,0.09185,-1.44362
0.488281,-0.75790,-0.76364,0.10958,-1.41196
0.488525,-0.92830,-0.14119,0.13813,-0.93136
0.488770,-1.07814,0.56715,0.01836,-0.49263
0.489014,-1.19039,0.94029,0.09978,-0.15033
0.489258,-1.24991,0.83522,0.27112,-0.14358
0.489502,-1.24517,0.46703,0.10923,-0.66890
0.489746,-1.16970,0.15424,0.19235,-0.82311
0.489990,-1.02305,0.00430,-0.18128,-1.20002
0.490234,-0.81105,-0.13700,-0.08902,-1.03707
0.490479,-0.54552,-0.43660,-0.09013,-1.07225
0.490723,-0.24319,-0.81091,-0.32124,-1.37534
0.490967,0.07573,-0.94858,0.00884,-0.86401
0.491211,0.38947,-0.61371,0.16709,-0.05714
0.491455,0.67675,0.08150,-0.06424,0.69402
0.491699,0.91879,0.72708,0.02345,1.66933
0.491943,1.10102,0.95497,-0.10249,1.95350
0.492188,1.21436,0.73762,-0.05901,1.89298
0.492432,1.25596,0.35748,0.03424,1.64768
0.492676,1.22918,0.09596,-0.14349,1.18165
0.492920,1.14304,-0.02831,0.14088,1.25561
0.493164,1.01097,-0.20718,-0.23025,0.57354
0.493408,0.84925,-0.55167,0.03867,0.33625
0.493652,0.67511,-0.89189,-0.05898,-0.27577
0.493896,0.50478,-0.90118,0.17870,-0.21770
0.494141,0.35183,-0.42966,0.09142,0.01360
0.494385,0.22573,0.29949,-0.25010,0.27512
0.494629,0.13105,0.84750,-0.29069,0.68786
0.494873,0.06717,0.92797,-0.12016,0.87497
0.495117,0.02873,0.62571,-0.06027,0.59418
0.495361,0.00656,0.26051,-0.02268,0.24438
0.495605,-0.01092,0.05146,0.00363,0.04417
0.495850,-0.03596,-0.06638,0.08083,-0.02150
0.496094,-0.07970,-0.29421,-0.16392,-0.53782
0.496338,-0.15054,-0.66764,-0.21607,-1.03425
0.496582,-0.25279,-0.94233,0.03030,-1.16483
0.496826,-0.38584,-0.80845,-0.04332,-1.23760
0.497070,-0.54392,-0.22119,-0.01240,-0.77751
0.497314,-0.71649,0.50030,-0.07702,-0.29322
0.497559,-0.88924,0.92378,-0.02079,0.01376
0.497803,-1.04549,0.86539,0.17838,-0.00173
0.498047,-1.16810,0.50908,-0.19479,-0.85381
0.498291,-1.24129,0.17957,-0.14706,-1.20878
0.498535,-1.25252,0.01609,0.07699,-1.15944
0.498779,-1.19405,-0.11547,0.18809,-1.12142
0.499023,-1.06393,-0.39632,-0.02468,-1.48492
0.499268,-0.86652,-0.77546,-0.15153,-1.79351
0.499512,-0.61229,-0.95468,-0.24013,-1.80710
0.499756,-0.31694,-0.67288,0.03127,-0.95855
